nombre,categoria,marca,codigo_barras,precio_venta,precio_costo,stock,stock_minimo
"Arcadia lámpara UVB 12% Desértico 46"" 1.15m",General,,844046006547,925.0,925.0,2.0,0.0
"Arcadia lámpara UVB 6% Tropical 46"" 1.15 m",General,,,925.0,925.0,2.0,0.0
Arcadia Compact foco 13W UVB 7% Tropical,General,,5060127656677,790.0,790.0,2.0,0.0
"Arcadia ProT5 uvb kit 6% Tropical 22"" 55cm",General,,,2250.0,2250.0,2.0,0.0
"Arcadia ProT5 uvb kit 6% Tropical 34"" 85cm",General,,,2775.0,2775.0,1.0,0.0
"Arcadia ProT5 uvb kit 12% Desértico 34"" 85cm",General,,,2775.0,2775.0,2.0,0.0
"Arcadia ProT5 uvb kit 12% Desértico 46"" 1.15m",General,,,2895.0,2895.0,2.0,0.0
Roca,General,,,45.0,45.0,0,0
Insect Menu Falkes 20g,General,,,70.0,70.0,0,0
Rasbora Harlequin,General,,,150.0,150.0,0,0
Sow - 4,General,,,1450.0,1450.0,0,0
Red Star reactor de medios,General,,,2300.0,2300.0,0,0
Aquamaxx mini reactor de calcio,General,,,4000.0,4000.0,0,0
Tornado 10000,General,,,3300.0,3300.0,0,0
Bomba Tornado 20000,Mantis,Mantis,,5800.0,5800.0,0,0
Bomba Tornado 25000,Mantis,Mantis,,6300.0,6300.0,0,0
Bomba Tornado 30000,Mantis,Mantis,,7000.0,7000.0,0,0
af pinzas de fibra de carbono,Aqua Forest,Aqua Forest,,480.0,480.0,0,0
pegamento tubito,AZOO,AZOO,4719856838106,60.0,60.0,0,0
sal de 1k,General,,,160.0,160.0,0,0
Lampara Panoramica 50cm Sunny,Sunny,Sunny,,420.0,330.0,0,0
Lampara Sunny 50cm,Sunny,Sunny,,370.0,292.0,0,0
Repuesto fibra canister SCF-1000-1200,Sunny,Sunny,,80.0,635.0,0,0
Repuesto esponja canister SCF-800,Sunny,Sunny,,135.0,107.0,0,0
Esponja repuesto canister SCF-1000-12000,Sunny,Sunny,,160.0,126.0,0,0
Repuesto cartucho carbon SHF-100,Sunny,Sunny,,20.0,16.0,0,0
Pounch Feeder,General,,,500.0,500.0,0,0
Repuesto cartucho carbon sunny SHF-400,Sunny,Sunny,,40.0,29.0,0,0
BRS Triple Di Saver,General,,,4500.0,4500.0,0,0
"Repuesto cartucho carbon sunny SHF-600,SHF-1000",General,,,45.0,36.0,0,0
Aquaclear 20 Cabeza de Poder,General,,,880.0,880.0,0,0
Orbit 4,General,,,6400.0,6400.0,0,0
Orbit 2,General,,,5600.0,5600.0,0,0
Hydra Edge 68 HD,General,,,14000.0,14000.0,0,0
Hydra Edge 44 HD,General,,,8000.0,8000.0,0,0
Hydra 16 HD,General,,,5300.0,5300.0,0,0
Axis 90,General,,704335295130,3400.0,3400.0,0,0
Axis 40,General,,704335295123,2600.0,2600.0,0,0
Tropical PRO DEFENCE SIZE M 440 g,Tropical,Tropical,,520.0,412.0,0,0
Medicoral 60 ml,General,,810086011780,650.0,650.0,0,0
Phyto Green-M Fitoplancton 500 ml,General,,810086010769,800.0,800.0,0,0
Boost pH+ 500 ml,General,,810086012336,320.0,320.0,0,0
MediCoral Coral Dip - 30 ml,General,,810086011773,380.0,380.0,0,0
Alkalin 8.3 KH Buffer 500 ml,General,,810086010066,300.0,300.0,0,0
Reef BioFuel 250 ml,General,,810086012299,380.0,380.0,0,0
Reef BioFuel 500 ml,General,,810086012305,550.0,550.0,0,0
Phosphat-E 500 ml,General,,810086011445,1050.0,1050.0,0,0
PhytoChrom 500 ml,Brightwell aquatics,Brightwell aquatics,810086011353,600.0,600.0,0,0
PhytoChrom 250 ml,Brightwell aquatics,Brightwell aquatics,810086011346,300.0,300.0,0,0
Reef Vane - 25,General,,,2900.0,2900.0,0,0
Canister 250 Week Aqua,General,,,3000.0,3000.0,0,0
Canister 900 Week Aqua,General,,,6500.0,6500.0,0,0
Nano Touch 20 l Lomas,General,,,2000.0,2000.0,0,0
SUNSUN LED ADT - 2 SERIES,General,,,800.0,800.0,0,0
Aquarium Magnetic Glass Cleaner,General,,7502234336144,100.0,100.0,0,0
KW Reactor 300,General,,,1800.0,1800.0,0,0
Base Elements Core 7 Flex 4x4l,Triton,Triton,4260414720925,3600.0,2700.0,0,0
Sulphate 1 Kg,Triton,Triton,4260414720871,1120.0,850.0,0,0
Potassium 1 Kg,Triton,Triton,4260414720857,860.0,650.0,0,0
CaCl2 4 Kg,Triton,Triton,4260414720369,1400.0,1050.0,0,0
MgCl2 4 Kg,Triton,Triton,4260414720376,1400.0,1050.0,0,0
NaHCO3 4 Kg,Triton,Triton,4260414720383,1400.0,1050.0,0,0
Cobalt 100 ml,Triton,Triton,4260414720192,840.0,650.0,0,0
Nickel 100 ml,Triton,Triton,4260414720246,650.0,650.0,0,0
Molybdenum 100 ml,Triton,Triton,4260414720239,840.0,650.0,0,0
Zinc 100 ml,Triton,Triton,4260414720222,650.0,650.0,0,0
Iodine 100 ml,Triton,Triton,4260414720215,650.0,650.0,0,0
RTN - X 100 ml,Triton,Triton,4260414720826,1080.0,820.0,0,0
STN - X 100 ml,Triton,Triton,4260414720819,1080.0,820.0,0,0
Br x 10 100 ml,Triton,Triton,4260414720208,1240.0,950.0,0,0
Fe Iron 100 ml,Triton,Triton,4260414720178,840.0,650.0,0,0
V Vanadium 100 ml,Triton,Triton,4260414720154,840.0,650.0,0,0
Sr x10 Stronium 100ml,Triton,Triton,4260414720888,1180.0,900.0,0,0
Detox Metal Remover 100 ml,Triton,Triton,4260414720147,1200.0,900.0,0,0
Cichlid Food,General,,4001942003926,300.0,300.0,0,0
AF Protect Dip,General,,,290.0,290.0,0,0
"DeepSee 5/8"" 16mm",General,,,1500.0,1500.0,0,0
Flipper DeepSee Max,General,,,1800.0,1800.0,0,0
Kessil LED Aquarium Lighting A360 X Tuna Sun,General,,,8000.0,8000.0,0,0
Kessil Led Aquarium Lighting A360 X Tuna Blue,General,,,8500.0,8500.0,0,0
Waterfall Style Bio - Filter,General,,,600.0,600.0,0,0
Smart 1000w Calentador,General,,,1500.0,1500.0,0,0
Dymax Anti Ammonia Rock,General,,,500.0,500.0,0,0
Dosing Pump Mate Chihiros 2 Canales,General,,,3500.0,3500.0,0,0
Glass CO2 Difusser,General,,,800.0,800.0,0,0
Boyu D - 200,General,,,160.0,160.0,0,0
Glass Feeder,General,,,1000.0,1000.0,0,0
Aquarium Cooler Fan,General,,,600.0,600.0,0,0
Kamoer X1 PRO,General,,,4500.0,4500.0,0,0
Auto Dosing Pump DP - 4,General,,,1800.0,1800.0,0,0
Auto Dosing Pump DP - 3,General,,,1500.0,1500.0,0,0
Auto Dosing Pump DP - 2,General,,,1300.0,1300.0,0,0
THOR Smart LED Aquarium Light,General,,,3800.0,3800.0,0,0
Avidaqua Stringray Magnetic Frag Rack,General,,,1200.0,1200.0,0,0
Aquavid Traveler Trio,General,,,950.0,950.0,0,0
Aquavid Manta Ray Magnetic Frag Rack,General,,,1200.0,1200.0,0,0
Avidaqua WMNT Accessory,General,,,400.0,400.0,0,0
Avidaqua Traveler Mini,General,,,500.0,500.0,0,0
Avidaqua Sawfish Magnetic Frag Rack,General,,,860.0,860.0,0,0
Avidaqua Insight,General,,,4200.0,4200.0,0,0
Avidaqua MPO Quattro,General,,,1100.0,1100.0,0,0
Avidaqua MTO Magnetic Tubing Organizer,General,,,1100.0,1100.0,0,0
Avidaqua WMNT Wyze Cam Mount Kit,General,,,1050.0,1050.0,0,0
Aquavid Sawfish Accessory,General,,,350.0,350.0,0,0
Avidaqua ModMag Giga,General,,,760.0,760.0,0,0
Avidaqua Neaterheater,General,,,1300.0,1300.0,0,0
Avidaqua Mantarray Accessory,General,,,500.0,500.0,0,0
Avidaqua Stringray Nextlevel,General,,,910.0,910.0,0,0
Avidaqua Avidcam Accessory,General,,,390.0,390.0,0,0
Brick no1,General,,,30.0,30.0,0,0
Matrix a granel 250 ml,General,,,120.0,120.0,0,0
Fluval 407,General,,,5500.0,5500.0,0,0
HC series Aquarium Hester 300w,General,,,1300.0,1300.0,0,0
Aquarium Test Strips,General,,,190.0,190.0,0,0
Rollo de Repuesto RollerMat 1200,Mantis,Mantis,,450.0,450.0,0,0
Rollo de Repuesto RollerMat 600,Mantis,Mantis,,350.0,350.0,0,0
Magic Disease Treatment 120 ml,General,,,120.0,120.0,0,0
Algae Treatment,General,,,120.0,120.0,0,0
Ultra Freshpay Shrimps Pro 120 ml,General,,,180.0,180.0,0,0
Stop Ammo 1pz,General,,,40.0,40.0,0,0
Rotipods 250 ml,General,,,250.0,250.0,0,0
Fito Mix Color Mix 500 ml,General,,,160.0,160.0,0,0
Fito Mix Espirulina 500 ml,General,,,160.0,160.0,0,0
DISCUS VITAMINS 500 ml,General,,,300.0,300.0,0,0
BIO XD 500 ml,General,,,375.0,375.0,0,0
Aquarium Polisher 250 ml,General,,,175.0,175.0,0,0
Axolotl Conditioner 250 ml,General,,,300.0,300.0,0,0
Aquarium Cleaner 250 ml,General,,,175.0,175.0,0,0
"Pangea T5HO 24"" (60.96cm)",General,,854732004511,1400.0,1400.0,0,0
"Pangea T5HO 36"" (91.44cm)",General,,854732004535,1500.0,1500.0,0,0
"Pangea T5HO 48"" (1.22m)",General,,854732004559,1600.0,1600.0,0,0
PangeaCal 12oz (340.19) calcium with D3,General,,850039672842,400.0,150.0,0,0
PangeaCal 12oz (340.19) calcium without D3,General,,850039672835,360.0,135.0,0,0
Shrimp Guard 12mm,Aquapro,Aquapro,6975017510733,150.0,80.0,8.0,0.0
Musgo navidad ch,General,,,70.0,70.0,0,0
GUPPY,General,,,80.0,80.0,0,0
Roca dragon,General,,,149.0,149.0,0,0
Gambas,General,,,100.0,100.0,0,0
guppy $120,General,,,120.0,120.0,0,0
TROPIC MARIN  AGUA FIJI MESRWASSER 20 L,Tropic Marine,Tropic Marine,,955.0,735.0,0,0
TROPIC MARINE CLASSIC SEA SALT SACO 30kg,Tropic Marine,Tropic Marine,,2350.0,1802.0,0,0
Aspersor 2.5 L,General,,,230.0,2.0,0,0
Terrario saltarina med $330 10*10*20,General,,,350.0,330.0,0,0
Gusano de ceda,General,,,100.0,100.0,0,0
Terrario saltarina CH 12*8*8,General,,,250.0,250.0,0,0
Nano Combo Dome Lamp Fixture,General,,097612322361,900.0,900.0,3.0,0.0
Skimmer Tornado-200,Mantis,Mantis,,10000.0,10000.0,0,0
Skimmer Tornado-300,Mantis,Mantis,,13000.0,13000.0,0,0
Marine Fish Large 300g,Spectrum,Spectrum,817987021146,400.0,265.0,3.0,0.0
Algaemax Regular 150g,Spectrum,Spectrum,,300.0,200.0,4.0,0.0
Algaemax Medium 150g,Spectrum,Spectrum,,300.0,200.0,3.0,0.0
Algaemax Large 300g,Spectrum,Spectrum,,450.0,300.0,2.0,0.0
Eco-fresh dubia cockroach 150g,General,,0643854990068,200.0,200.0,6.0,0.0
Eco-fresh superworm 20g,General,,0847852012085,50.0,50.0,2.0,0.0
Eco-fresh black soldier fiy larvae 150g,General,,0643854990105,180.0,180.0,4.0,0.0
Eco-fresh silkworm 150g,General,,0643854990075,230.0,230.0,5.0,0.0
Eco-fresh superworm 150 g,General,,0643854990082,180.0,180.0,6.0,0.0
Alimento Tropical Gammarus 12g,Tropical,Tropical,,60.0,44.0,28.0,0.0
Alimento Tropical Gammarus 30g,Tropical,Tropical,,100.0,74.0,14.0,0.0
Cichlid Gran 550g,General,,,277.0,277.0,-5.0,0.0
Alimento Tropical Gammarus 120g,Tropical,Tropical,,350.0,280.0,6.0,0.0
Cichlid Omnivore Medium Pellet 360g,General,,,305.0,241.0,6.0,0.0
Bionautic Granulat 55g,General,,,64.0,64.0,-1.0,0.0
Crusta Sticks 70g,General,,,130.0,80.0,90.0,0.0
Supervit Flakes 50g,Tropical,Tropical,,90.0,66.0,12.0,0.0
Hanna Checker Cobre HR,Hanna,Hanna,,1950.0,1400.0,2.0,0.0
Calentador de Acuario Rubicon 500w,Mantis,Mantis,,1200.0,700.0,0.0,0.0
Calentador de Acuario Rubicon 300w,Mantis,Mantis,,750.0,479.0,1.0,0.0
Reactor de Calcio Mantis MR100S,Mantis,Mantis,,2900.0,1864.0,2.0,0.0
Rollo de Repuesto Rollermat 300,Mantis,Mantis,,350.0,178.0,1.0,0.0
RollerMat 300 Filtro de Rollo,Mantis,Mantis,,3990.0,2549.0,2.0,0.0
RollerMat 1200 Filtro de Rollo,Mantis,Mantis,,4500.0,3400.0,1.0,0.0
RollerMat 600 Filtro de Rollo,Mantis,Mantis,,3990.0,3000.0,1.0,0.0
Mantis Hydrus-35,Mantis,Mantis,,2900.0,1989.0,0.0,0.0
Mantis Hydrus-15,Mantis,Mantis,,1950.0,1390.0,1.0,0.0
Mantis Hydrus-25,Mantis,Mantis,,2300.0,1600.0,0.0,0.0
Reef Vane 60,Mantis,Mantis,,4500.0,3029.0,-2.0,0.0
Mantis Base para Skimmer S,Mantis,Mantis,,400.0,279.0,0.0,0.0
TOURBON-60,Mantis,Mantis,,1890.0,1500.0,0.0,0.0
TOURBON-100,Mantis,Mantis,,2300.0,1696.0,0.0,0.0
TOURBON 30,Mantis,Mantis,,1500.0,998.0,2.0,0.0
BM Calcetin 100 - 150 - 200 micras de  4in (copia),Bubble magus,Bubble magus,,150.0,90.0,0,0
Reptivite without D3,General,,0097612103588,380.0,380.0,0,0
3D Retractible Net Circular Large,Aquapro,Aquapro,6975017511082,250.0,90.0,3.0,0.0
Pinza recta Aquapro 45cm,Aquapro,Aquapro,6975017510344,300.0,120.0,-1.0,0.0
Pinza curva Aquapro 45cm,Aquapro,Aquapro,6975017510345,300.0,120.0,1.0,0.0
Pinza Curva Aquapro,Aquapro,Aquapro,6975017510337,250.0,150.0,4.0,0.0
Pinza Recta Aquapro,Aquapro,Aquapro,6975017510338,350.0,225.0,10.0,0.0
Drop Checker O,Aquapro,Aquapro,,200.0,120.0,4.0,0.0
Drop Checker U,Aquapro,Aquapro,6975017510214,200.0,120.0,1.0,0.0
Small CO2 diffuser,Aquapro,Aquapro,6975017510115,250.0,105.0,3.0,0.0
Manguera Co2 Negro,Aquapro,Aquapro,,25.0,5.0,120.0,0.0
Mini Feeder F2 Aluminium Alloy,Aquapro,Aquapro,6975017512249,500.0,240.0,5.0,0.0
Mini Feeder F1 Aluminium Alloy,Aquapro,Aquapro,6975017511600,350.0,170.0,4.0,0.0
Lily pipes skimmer 20mm  Week aqua,Week Aqua,Week Aqua,,1800.0,840.0,1.0,0.0
Valvula Check U,Week Aqua,Week Aqua,,100.0,45.0,9.0,0.0
Magnet Scrapper Azul Gde,Genérico,Genérico,,750.0,330.0,12.0,0.0
Magnet Scrapper Azul Ch,Genérico,Genérico,,450.0,195.0,7.0,0.0
DMP-5,Jecod,Jecod,,2150.0,1436.0,2.0,0.0
DMP-10,Jecod,Jecod,,2300.0,1512.0,1.0,0.0
Plata Sand 8k,ADA,ADA,,1200.0,794.0,2.0,0.0
Colorado Sand 8k,ADA,ADA,,1200.0,794.0,-4.0,0.0
Ficus quercifolia,General,,,150.0,150.0,0,0
Musgo navidad,General,,,120.0,120.0,0,0
Tropical Insect Menu Granules - Size S 135g,Tropical,Tropical,5900469640340,220.0,172.0,0.0,0.0
Tropical 3-Algae Flakes 200g,Tropical,Tropical,5900469771662,370.0,293.0,3.0,0.0
D-ALLIO PLUS Granulat 150g,Tropical,Tropical,5900469606247,200.0,147.0,7.0,0.0
Tropical Super Goldfish 150g,Tropical,Tropical,5900469643747,130.0,102.0,8.0,0.0
Tropical 3-Algae Flakes 50g,Tropical,Tropical,5900469771648,130.0,102.0,4.0,0.0
Tropical Soft Line America M 60g,Tropical,Tropical,5900469674239,145.0,114.0,7.0,0.0
Tropical Krill Gran 54g,Tropical,Tropical,5900469609439,160.0,126.0,7.0,0.0
Tropical Carnivore 300g,Tropical,Tropical,5900469607350,290.0,229.0,-2.0,0.0
Tropical PRO DEFENCE Size S 520g,Tropical,Tropical,5900469680261,650.0,514.0,1.0,0.0
Tropical Soft Line Monster Fish 320g,Tropical,Tropical,5900469677865,450.0,341.0,2.0,0.0
Tropical Soft Line Africa Herbivore Size M 130g,Tropical,Tropical,5900469675748,280.0,218.0,4.0,0.0
Weekend & Holiday Tropical 20g,Tropical,Tropical,5900469207116,55.0,41.0,17.0,0.0
veggie mag,General,,,550.0,550.0,0,0
co2 difusser in line 20mm Week aqua,Week Aqua,Week Aqua,,500.0,230.0,1.0,0.0
co2 difusser in line 12-16mm Week aqua,Week Aqua,Week Aqua,,500.0,230.0,11.0,0.0
co2 difusser in line 12mm Week aqua,Week Aqua,Week Aqua,,500.0,230.0,11.0,0.0
Valvula Check Week Aqua,Week Aqua,Week Aqua,,80.0,25.0,31.0,0.0
Conector Rápido para Tráquea - Modelo QP-0606-CV y QP-0606-L,Conectores para Tráquea,Conectores para Tráquea,,75.0,75.0,0,0
Valvula Solenoide 2 Salidas,Week Aqua,Week Aqua,,500.0,200.0,15.0,0.0
Lily pipe acero 9mm Week aqua,Week Aqua,Week Aqua,,1000.0,400.0,0.0,0.0
Shades Week Aqua S/M 400,Week Aqua,Week Aqua,,300.0,135.0,2.0,0.0
K1 1L Rojo,Genérico,Genérico,,100.0,20.0,0,0
Lampara Week Aqua T90 Pro,Week Aqua,Week Aqua,,3500.0,1900.0,1.0,0.0
Lampara Week Aqua A430 Pro,Week Aqua,Week Aqua,,6950.0,3850.0,2.0,0.0
Shades Week Aqua Z400,Week Aqua,Week Aqua,,500.0,250.0,3.0,0.0
Shades Week Aqua Z250,Week Aqua,Week Aqua,,400.0,216.0,6.0,0.0
Shades Week Aqua L1200,Week Aqua,Week Aqua,,850.0,420.0,3.0,0.0
Shades Week Aqua M900,Week Aqua,Week Aqua,,650.0,370.0,4.0,0.0
Shades Week Aqua L600,Week Aqua,Week Aqua,,500.0,250.0,4.0,0.0
Shades Week Aqua M1200,Week Aqua,Week Aqua,,850.0,420.0,5.0,0.0
Shades Week Aqua L900,Week Aqua,Week Aqua,,650.0,370.0,5.0,0.0
Shades Week Aqua M600,Week Aqua,Week Aqua,,500.0,250.0,6.0,0.0
Shades Week Aqua S/M 450,Week Aqua,Week Aqua,,400.0,216.0,3.0,0.0
Shades Week Aqua S/M 300,Week Aqua,Week Aqua,,250.0,135.0,4.0,0.0
M300 K Week aqua,Week Aqua,Week Aqua,,1800.0,800.0,-1.0,0.0
Herbivore Soft 65g,Tropical,Tropical,5900469116340,115.0,81.0,4.0,0.0
Tropical BiOREPT W 75g,Tropical,Tropical,5900469113646,80.0,62.0,6.0,0.0
Limpiador 15mm SGC-15,Sunny,Sunny,,300.0,215.0,1.0,0.0
Limpiador 10mm SGC-10,Sunny,Sunny,,270.0,192.0,1.0,0.0
Limpiador 5mm SGC-05,Sunny,Sunny,,150.0,104.0,1.0,0.0
Limpiador 3mm SGC-01,Sunny,Sunny,,135.0,96.0,1.0,0.0
Canister Sunny 1350 L/H SCF-1000,Sunny,Sunny,,1990.0,1422.0,2.0,0.0
Calentador Sunny 200w SGH-280,Sunny,Sunny,,140.0,82.0,1.0,0.0
Calentador Sunny 100w SGH-180,Sunny,Sunny,,120.0,73.0,0.0,0.0
Bomba de Subida SFP-700,Sunny,Sunny,,1100.0,783.0,-3.0,0.0
Bomba de Subida SFP-600,Sunny,Sunny,,970.0,690.0,-7.0,0.0
Bomba de Subida SFP-500,Sunny,Sunny,,540.0,386.0,-2.0,0.0
Bomba de Subida SFP-400,Sunny,Sunny,,365.0,259.0,-9.0,0.0
Bomba de Subida SFP-300,Sunny,Sunny,,260.0,183.0,1.0,0.0
Bomba de Subida SFP-200,Sunny,Sunny,,175.0,123.0,-4.0,0.0
Bomba de Subida SPH-2100,Sunny,Sunny,,390.0,279.0,3.0,0.0
Cabeza De Poder SPH-2000,Sunny,Sunny,,360.0,256.0,2.0,0.0
Bomba de Subida SPH-1500,Sunny,Sunny,,280.0,199.0,3.0,0.0
Cabeza de Poder SPH-1200,Sunny,Sunny,,220.0,156.0,3.0,0.0
Bomba de Subida SPH-800,Sunny,Sunny,,175.0,123.0,-1.0,0.0
Cabeza de Poder SPH-600,Sunny,Sunny,,185.0,131.0,5.0,0.0
Bomba de Subida SPH-400,Sunny,Sunny,,125.0,88.0,1.0,0.0
Bomba de Subida SPH-200,Sunny,Sunny,,110.0,79.0,2.0,0.0
Bomba de Subida SPH-150,Sunny,Sunny,,100.0,73.0,5.0,0.0
Filtro Rapido SPF-2100,Sunny,Sunny,,450.0,316.0,-2.0,0.0
Filtro Rapido SPF-2000,Sunny,Sunny,,430.0,307.0,-10.0,0.0
Filtro Interno SPF-1500,Sunny,Sunny,,315.0,224.0,2.0,0.0
Filtro Rapido SPF-1200,Sunny,Sunny,,295.0,210.0,-21.0,0.0
Filtro Rapido SPF-800,Sunny,Sunny,,250.0,182.0,-14.0,0.0
Filtro Rapido SPF-600,Sunny,Sunny,,200.0,144.0,4.0,0.0
Filtro Rapido SPF-400,Sunny,Sunny,,165.0,118.0,-1.0,0.0
Filtro Rapido SPF-200,Sunny,Sunny,,150.0,112.0,4.0,0.0
Filtro Rapido SPF-150,Sunny,Sunny,,150.0,110.0,5.0,0.0
New Life Spectrum Betta Pellets 70g,Spectrum,Spectrum,817987021320,150.0,107.0,12.0,0.0
Prodefence size M 110g,Tropical,Tropical,5900469680346,185.0,137.0,-4.0,0.0
Prodefence size M 440g,General,,5900469680360,400.0,400.0,2.0,0.0
Prodefence size M 440g,General,,5900469680360,400.0,400.0,16.0,0.0
TerraClay Brown,Tropical,Tropical,5900469820254,300.0,200.0,-19.0,0.0
Sanital con Ketapang 3.6k,Tropical,Tropical,5900469803370,800.0,576.0,5.0,0.0
Sanital con Ketapang 12g,Tropical,Tropical,5900469803332,55.0,38.0,6.0,0.0
Sanital con Aloe Vera 3.6k,Tropical,Tropical,5900469803271,800.0,576.0,3.0,0.0
Sanital con Aloe Vera 12g,Tropical,Tropical,5900469803233,55.0,53.0,9.0,0.0
Astacolor 100g,Tropical,Tropical,5900469773352,290.0,212.0,23.0,0.0
Astacolor 20g,Tropical,Tropical,5900469723338,95.0,71.0,4.0,0.0
Flower Horn Adult Pellet 380g,Tropical,Tropical,5900469643860,280.0,211.0,10.0,0.0
Spirulina Super Forte Flakes 200g,Tropical,Tropical,5900469772362,490.0,366.0,7.0,0.0
Malawi Flakes 200g,Tropical,Tropical,5900469772263,330.0,239.0,7.0,0.0
Tanganyika Flakes 200g,Tropical,Tropical,5900469772164,330.0,239.0,9.0,0.0
Cichlid Color Flakes XXL 250g,Tropical,Tropical,5900469771563,290.0,207.0,22.0,0.0
Cichlid Color Flakes XXL 50g,Tropical,Tropical,5900469771549,100.0,73.0,21.0,0.0
Supervit Flakes 200g,Tropical,Tropical,5900469771068,300.0,237.0,1.0,0.0
Supervit Flakes 20g,Tropical,Tropical,5900469771037,50.0,36.0,11.0,0.0
Astacolor 1kg,Tropical,Tropical,5900469723371,1850.0,1349.0,10.0,0.0
Pro Defence Size M 110g,Tropical,Tropical,5900469680339,190.0,137.0,-2.0,0.0
Pro Defence Size M 44g,Tropical,Tropical,5900469680339,95.0,68.0,2.0,0.0
Pro Defence Size S 52g,Tropical,Tropical,5900469680230,120.0,85.0,5.0,0.0
Soft Line America Size M 150g,Tropical,Tropical,5900469674246,295.0,222.0,-1.0,0.0
Soft Line America Size S 140g,Tropical,Tropical,5900469674147,295.0,222.0,9.0,0.0
Green Algae Waffers 113g,Tropical,Tropical,5900469664247,180.0,132.0,11.0,0.0
Flower Horn Young Pellet 380g,Tropical,Tropical,5900469653869,290.0,221.0,12.0,0.0
Flower Horn Young Pellet 95g,Tropical,Tropical,5900469653845,135.0,95.0,17.0,0.0
Flower Horn Adult Pellet 190g,Tropical,Tropical,5900469643853,165.0,125.0,17.0,0.0
Red Mico Colour Sticks 80g,Tropical,Tropical,5900469635544,170.0,128.0,5.0,0.0
Red Mico Colour Sticks 32g,Tropical,Tropical,5900469635537,90.0,64.0,5.0,0.0
Chlid & Arowana Sticks L 300g,Tropical,Tropical,5900469635360,250.0,188.0,3.0,0.0
Discus Gran Wild 440g,Tropical,Tropical,5900469616260,350.0,260.0,22.0,0.0
Discus Gran Wild 110g,Tropical,Tropical,5900469616246,150.0,111.0,22.0,0.0
Marine Power Probiotic Soft Granules S 60g,Tropical,Tropical,5900469612736,190.0,139.0,3.0,0.0
Red Parrot Granulant 400g,Tropical,Tropical,5900469607169,350.0,277.0,2.0,0.0
D-allio Plus Granulat 60g Con Ajo,Tropical,Tropical,5900469606230,95.0,73.0,18.0,0.0
Goldfish Colour Pellet 36g,Tropical,Tropical,5900469604731,55.0,41.0,19.0,0.0
Supervit Granulant 138g,Tropical,Tropical,5900469604144,150.0,109.0,50.0,0.0
garrafon locatario,General,,,35.0,35.0,0,0
Startsmart  Pond Perfect 4 en 1 5lts,General,,,650.0,650.0,0,0
Chemiclean Liquido 2oz,Boyd Enterprises,Boyd Enterprises,719958167147,750.0,539.0,1.0,0.0
Vitachem 16oz - Marine Formula,Boyd Enterprises,Boyd Enterprises,0719958167076,900.0,649.0,2.0,0.0
Chemipure Blue 5oz,Boyd Enterprises,Boyd Enterprises,0719958167529,350.0,229.0,3.0,0.0
P1200 Pro Week Aqua,Week Aqua,Week Aqua,,7300.0,4150.0,1.0,0.0
P900 Pro Week Aqua,Week Aqua,Week Aqua,,5900.0,3400.0,4.0,0.0
P600 Pro Week Aqua,Week Aqua,Week Aqua,,4500.0,2600.0,3.0,0.0
Z250 Pro Week Aqua Sea,Week Aqua,Week Aqua,,3500.0,2140.0,7.0,0.0
Lámpara con base para terrario,Genérico,Genérico,,600.0,275.0,6.0,0.0
Corcho,General,,,250.0,250.0,0,0
Pangea Halogen Heat Lamp 100w,Pangea,Pangea,,400.0,170.0,37.0,0.0
Discus gran D50 plus 440g,Tropical,Tropical,5900469616161,390.0,279.0,2.0,0.0
Discus gran D50 plus 110g,Tropical,Tropical,5900469616147,160.0,119.0,49.0,0.0
Superpig 6oz/170g,Repashy,Repashy,643854998101,380.0,320.0,2.0,0.0
Savory stew 3oz,General,,4385499800,260.0,145.0,0,0
Pineapple express 6oz/170g,Repashy,Repashy,643854999276,400.0,225.0,5.0,0.0
Grubs N fruit 6oz,Repashy,Repashy,643854903150,400.0,225.0,3.0,0.0
Special Grade 6.8kg,CaribSea,CaribSea,,700.0,400.0,9.0,0.0
Fiji Pink 6.8kg,CaribSea,CaribSea,,700.0,400.0,7.0,0.0
Phosphat-E 500ml,Brightwell aquatics,Brightwell aquatics,0810086011438,899.0,721.0,0.0,0.0
Reagente Trident 2 meses,Neptune System,Neptune System,,1200.0,849.0,1.0,0.0
Vortech MP10,General,,,7400.0,5900.0,-1.0,0.0
VastOcean Clip Alga Iman,vastocean,vastocean,,380.0,234.0,4.0,0.0
Test Nitrate,Aqua Forest,Aqua Forest,5902026738835,575.0,346.0,2.0,0.0
AF Bio Sand 1-2 mm 10kg,Aqua Forest,Aqua Forest,5902026738859,900.0,541.0,-1.0,0.0
Aquaforest Component 3 en 1 500ml,Aqua Forest,Aqua Forest,5902026735506,625.0,326.0,6.0,0.0
Aiptasia Shot 50ml,Aqua Forest,Aqua Forest,,435.0,262.0,3.0,0.0
AF Vege Strength 100g,Aqua Forest,Aqua Forest,5902026739474,325.0,195.0,-1.0,0.0
AF Tiny Fish Feed 120g,Aqua Forest,Aqua Forest,5902026739504,325.0,195.0,1.0,0.0
AF Protein Power 120g,Aqua Forest,Aqua Forest,5902026739511,325.0,195.0,4.0,0.0
AF Calanidae Clip 120g,Aqua Forest,Aqua Forest,5902026739665,760.0,460.0,5.0,0.0
Alimento Pro para Anthias 120g,Aqua Forest,Aqua Forest,5902026739467,435.0,260.0,0.0,0.0
AF Power Elixir 2L,Aqua Forest,Aqua Forest,5902026732826,2300.0,1380.0,-7.0,0.0
Fish V 50ml,Aqua Forest,Aqua Forest,5902026731539,705.0,426.0,7.0,0.0
Fish V 10ml,Aqua Forest,Aqua Forest,5902026731515,290.0,174.0,9.0,0.0
Pinzas grandes curvas,General,,,150.0,150.0,-8.0,0.0
Pinzas grandes rectas,General,,,150.0,150.0,-3.0,0.0
Pinzas medianas curvas,General,,,100.0,100.0,0,0
Pinzas medianas rectas,General,,,100.0,100.0,-5.0,0.0
Pinzas curvas chicas,General,,,80.0,80.0,-12.0,0.0
Pinzas rectas chicas,General,,,80.0,80.0,-1.0,0.0
Comedero esquinado,General,,,35.0,35.0,2.0,0.0
Fibra coco reptil terra 1k,General,,,80.0,80.0,0,0
Acro Black comprimido 60L,General,,,350.0,350.0,0,0
Pelonia repens,General,,,250.0,250.0,2.0,0.0
Ficus radicans,General,,,150.0,150.0,-1.0,0.0
Daytime heat lamp 25w,General,,,120.0,120.0,-1.0,0.0
Chicken Pot Pie 6oz/170g,Repashy,Repashy,,380.0,220.0,2.0,0.0
Pumpking Pie 12oz/340g,Repashy,Repashy,,550.0,359.0,2.0,0.0
Pumpking Pie 6oz/170g,Repashy,Repashy,,360.0,250.0,4.0,0.0
Roca,General,,,2178.0,2178.0,0,0
Acro Black (coco chip),General,,,140.0,140.0,-63.0,0.0
Shrimp sticks 138g,Tropical,Tropical,5900469633649,175.0,124.0,67.0,0.0
Gancho herpetológico Ch,General,,,220.0,150.0,0,0
Jungle Clay 2500ml,General,,,350.0,350.0,0,0
Daytime heat lamp 60w,General,,0015561221108,140.0,80.0,10.0,0.0
Musgo estrella,General,,,80.0,80.0,-18.0,0.0
Musgo Java,General,,,120.0,100.0,-5.0,0.0
Bromelia,General,,,250.0,250.0,0,0
Larva de mosca soldado,General,,,50.0,50.0,0,0
"Calcetin Nylon 5"" Bubble Magus",Bubble magus,Bubble magus,,100.0,66.0,7.0,0.0
Tiras Reactivas Lomas 7 en 1,Lomas,Lomas,,250.0,170.0,36.0,0.0
Nano-Tech Snail Tratamiento Anti Caracoles 250ml,AZOO,AZOO,,190.0,125.0,2.0,0.0
Nitripro Bacteria polvo 25g,Seachem,Seachem,,150.0,100.0,2.0,0.0
Nitraac Bacteria Polvo 25g,Seachem,Seachem,,150.0,100.0,3.0,0.0
Pad Fibra antirayaduras 4pz,Seachem,Seachem,,320.0,212.0,2.0,0.0
Pad Fibra Anti Rayaduras,Seachem,Seachem,,98.0,65.0,1.0,0.0
Betta Basics 60ml,Seachem,Seachem,,65.0,43.0,-2.0,0.0
Flourish excel 50ml,Seachem,Seachem,0000116045506,85.0,56.0,-5.0,0.0
Activate 350ml,Aqua Vitro,Aqua Vitro,0000116756105,260.0,175.0,2.0,0.0
Ions 350ml,Aqua Vitro,Aqua Vitro,0000116756105,260.0,175.0,2.0,0.0
Synthesys 350ml,Aqua Vitro,Aqua Vitro,,280.0,185.0,2.0,0.0
Replenish 100 ml,Seachem,Seachem,0000116147606,75.0,48.0,2.0,0.0
Reef Fusion 2 500ml,Seachem,Seachem,,290.0,190.0,0.0,0.0
Reef Fusion 1 500ml,Seachem,Seachem,,290.0,190.0,0.0,0.0
Galapagos U.T.H - Tapete térmico 24w,Pangea,Pangea,0759834057031,900.0,700.0,5.0,0.0
Galapagos U.T.H - Tapete térmico 16w,Pangea,Pangea,0759834057024,800.0,590.0,0.0,0.0
Galapagos U.T.H - Tapete térmico 8w,Pangea,Pangea,0759834057017,640.0,400.0,-1.0,0.0
Galapagos U.T.H - Tapete térmico 4w,Pangea,Pangea,0759834057000,540.0,400.0,-1.0,0.0
Reef Vane 45,General,,,3378.0,3378.0,0,0
StartSmart Complete Freshwater 20l,Tender Living Care,Tender Living Care,,2300.0,1399.0,1.0,0.0
Larva de mosca soldado acuícola,Only Reptile,Only Reptile,,50.0,35.0,-16.0,0.0
Jungle Clay 1000ml,General,,,150.0,150.0,-81.0,0.0
Musgo Moss,General,,,50.0,50.0,0,0
Tijeras curvas 17cm,Chihiros,Chihiros,06974333542626,430.0,289.0,3.0,0.0
Tijeras rectas 17cm,Chihiros,Chihiros,06974333542619,400.0,267.0,3.0,0.0
Kit CO2 2.5L,Chihiros,Chihiros,,4200.0,2651.0,1.0,0.0
CO2 Regulador Pro Edición Limitada,Chihiros,Chihiros,,5000.0,3324.0,2.0,0.0
Food Feeder 11.5cm,Chihiros,Chihiros,,400.0,276.0,0.0,0.0
Cyclone External Filter CY20 200L/h,Resun,Resun,,650.0,450.0,2.0,0.0
Filtro de Cascada SHF-100,Sunny,Sunny,,170.0,121.0,3.0,0.0
Calentador Sunny 75w SGH-75,Sunny,Sunny,,100.0,73.0,-1.0,0.0
Calentador Sunny 50w SGH-50,Sunny,Sunny,,100.0,73.0,3.0,0.0
Calentador Sunny 25w SGH-25,Sunny,Sunny,,100.0,73.0,2.0,0.0
Spirulina Tropical Gran 90g,Tropical,Tropical,,20.0,12.0,20.0,0.0
Color Mix Gran 90g,Sunny,Sunny,,15.0,10.0,20.0,0.0
Tropical Bites 90g,Tropical,Tropical,,20.0,12.0,19.0,0.0
Canister Sunny 1550 L/H SCF-1200,Sunny,Sunny,,2200.0,1566.0,0.0,0.0
Canister Sunny 960 L/H SCF-800,Sunny,Sunny,,1650.0,1148.0,-1.0,0.0
Nano Tank 10L SA-3676,Sunny,Sunny,,1700.0,1600.0,2.0,0.0
Advanced soil shrimp Powder 8l,Help,Help,4560191492399,900.0,712.0,6.0,0.0
Carbo Calcium 500ml,Tropic Marine,Tropic Marine,,260.0,189.0,9.0,0.0
Phos Feed 300g,Tropic Marine,Tropic Marine,,400.0,291.0,4.0,0.0
Carbo 100ml,Tropical,Tropical,,100.0,60.0,2.0,0.0
TerraClay Yellow,Tropical,Tropical,5900469820155,300.0,200.0,0.0,0.0
TerraClay Red 5kg,Tropical,Tropical,5900469820353,300.0,200.0,-12.0,0.0
Insect Flakes 50g,Tropical,Tropical,,150.0,104.0,2.0,0.0
Insect Menu Granules XXS 160g,Tropical,Tropical,,250.0,187.0,3.0,0.0
Insect Menu Granules XXS 64g,Tropical,Tropical,,130.0,94.0,9.0,0.0
Red Parrot Granulant 100g,Tropical,Tropical,5900469607145,130.0,97.0,11.0,0.0
Soft Line Betta 5g,Tropical,Tropical,5900469677612,35.0,30.0,40.0,0.0
Soft Line America 60g,Tropical,Tropical,,150.0,111.0,6.0,0.0
Mikrovit Hi-Protein 32g,Tropical,Tropical,5900469776223,80.0,55.0,-2.0,0.0
Mikrovit Vegetable 32g,Tropical,Tropical,5900469776124,75.0,53.0,9.0,0.0
Mikrovit Basic 32g,Tropical,Tropical,5900469776025,60.0,44.0,2.0,0.0
Krill Flake 100g,Tropical,Tropical,,280.0,280.0,5.0,0.0
Tubivit 20g,Tropical,Tropical,,60.0,41.0,1.0,0.0
Guppy 20g,Tropical,Tropical,5900469770535,75.0,52.0,-6.0,0.0
Betta Granulant 10g,Tropical,Tropical,5900469614419,35.0,26.0,17.0,0.0
Super Spirulina Mini Granulant 56g,Tropical,Tropical,,180.0,124.0,14.0,0.0
Supervit Granulant 55g,Tropical,Tropical,5900469604137,75.0,55.0,54.0,0.0
Betta Hi-Protein Krill 10g,Sunny,Sunny,,10.0,4.0,20.0,0.0
Gecko Cream Fig 125g,Tropical,Tropical,5900469117347,500.0,384.0,6.0,0.0
Gecko Cream StrawBerry 125g,Tropical,Tropical,5900469117231,500.0,384.0,6.0,0.0
Gecko Cream Apricot 125g,Tropical,Tropical,5900469117149,500.0,384.0,6.0,0.0
FD Brine Shrimp 8g,Tropical,Tropical,5900469011539,100.0,71.0,33.0,0.0
Maxi-Cure Extra Thick 8 oz,Inland Seas,Inland Seas,,1100.0,776.0,2.0,0.0
Maxi-Cure Extra Thick 1 oz,Inland Seas,Inland Seas,,280.0,159.0,-1.0,0.0
Eheim Termostato 50w,Eheim,Eheim,720686361362,875.0,521.0,2.0,0.0
Eheim Termostato 25w,Eheim,Eheim,720686361362,800.0,636.0,2.0,0.0
Maxi-Cure Extra Thick 2 oz,Inland Seas,Inland Seas,,500.0,258.0,0.0,0.0
Maxi-Cure Extra Thick 1/2 oz,Inland Seas,Inland Seas,,200.0,119.0,1.0,0.0
AquaStik Grey 2oz,Two Little Fishies,Two Little Fishies,748172440223,260.0,199.0,1.0,0.0
Flipper Pico Black,Flipper,Flipper,,425.0,299.0,1.0,0.0
BRS Kit de Framentacion Estandar,Bulk Reef Suply,Bulk Reef Suply,,950.0,588.0,2.0,0.0
BRS kit Deluxe Para Fragmentacion,Bulk Reef Suply,Bulk Reef Suply,,1999.0,1599.0,1.0,0.0
AcroPower 250ml,Two Little Fishies,Two Little Fishies,74817500569,380.0,269.0,1.0,0.0
Ich-X SW 4oz,Hikari,Hikari,,285.0,194.0,0.0,0.0
PraziPro 1oz,Hikari,Hikari,,150.0,99.0,1.0,0.0
Ich-X SW 16oz,Hikari,Hikari,,500.0,286.0,1.0,0.0
Solicion Calibracion Refractometro BRS 60ml,Bulk Reef Suply,Bulk Reef Suply,,200.0,139.0,1.0,0.0
Liquido Calibracion Ph 4.01,Milwaukee,Milwaukee,,60.0,31.0,4.0,0.0
Liquido Calibracion Ph 7.01,Milwaukee,Milwaukee,,50.0,27.0,4.0,0.0
Liquido Calibracion Ph 10.01,Milwaukee,Milwaukee,,50.0,27.0,1.0,0.0
Ich Attack 16oz,Kordon,Kordon,,650.0,355.0,1.0,0.0
Rid Ich Plus 473ml,Kordon,Kordon,,550.0,290.0,1.0,0.0
Reef Octopus Nano Skimmer NS80,Reef Octopus,Reef Octopus,,1850.0,1563.0,1.0,0.0
GonioPower 30g,Two Little Fishies,Two Little Fishies,,360.0,254.0,1.0,0.0
Nyos Quantum 220,Nyos,Nyos,,16000.0,11989.0,0.0,0.0
Nyos Quantum 160,Nyos,Nyos,,10500.0,7999.0,0.0,0.0
Nyos Quantum 120,Nyos,Nyos,,7700.0,6338.0,-1.0,0.0
Mantis Feeder 45 cm,Mantis,Mantis,,200.0,104.0,2.0,0.0
Mantis Feeder 29cm,Mantis,Mantis,,120.0,59.0,1.0,0.0
TURBO 15000 wi-fi,Mantis,Mantis,,4900.0,3679.0,1.0,0.0
TURBO 13000 wi-fi,Mantis,Mantis,,4000.0,2969.0,-1.0,0.0
TURBO 8000 wi-fi,Mantis,Mantis,,3400.0,2459.0,0.0,0.0
TURBO 6500 wi-fi,Mantis,Mantis,,3100.0,2269.0,-2.0,0.0
TURBO 5000 wi-fi,Mantis,Mantis,,2600.0,1889.0,-9.0,0.0
TURBO 3500 wi-fi,Mantis,Mantis,,2300.0,1699.0,-8.0,0.0
TURBO 1500 wi-fi,Mantis,Mantis,,1750.0,1315.0,-2.0,0.0
Mantis UV Light-55W,Mantis,Mantis,,3400.0,2199.0,0.0,0.0
Mantis UV-36W,Mantis,Mantis,,2600.0,1799.0,-4.0,0.0
"Mantis Porta Calcetín doble 4""",Mantis,Mantis,,420.0,295.0,2.0,0.0
"Mantis Porta Calcetín 4""",Mantis,Mantis,,250.0,172.0,2.0,0.0
Enfriador 2 ventiladores,Mantis,Mantis,,600.0,359.0,1.0,0.0
Mantis Ventilador Nano 4W,Mantis,Mantis,,600.0,359.0,0.0,0.0
Mantis Ósmosis Inversa,Mantis,Mantis,,4500.0,3599.0,-3.0,0.0
Mantis Base para Skimmer L,Mantis,Mantis,,530.0,385.0,1.0,0.0
Mantis Base para Skimmer M,Mantis,Mantis,,450.0,319.0,1.0,0.0
Mantis Bio-Filter Block,Mantis,Mantis,,450.0,289.0,-1.0,0.0
TOURBON-200,Mantis,Mantis,,2700.0,1829.0,-5.0,0.0
Bomba Tornado 12000,Mantis,Mantis,,3800.0,2639.0,0.0,0.0
TURBO 10000  wi-fi,Mantis,Mantis,,3600.0,2364.0,-2.0,0.0
Reactor MR200,Mantis,Mantis,,2500.0,1878.0,0.0,0.0
Reactor MR150,Mantis,Mantis,,2000.0,1499.0,1.0,0.0
Reactor MR100,Mantis,Mantis,,1500.0,1127.0,-3.0,0.0
Mantis Contenedor 4X1.5 ML,Mantis,Mantis,,1600.0,1124.0,0.0,0.0
Mantis Kit Lentes para fotografia,Mantis,Mantis,,400.0,279.0,-1.0,0.0
Bomba Tornado 6000,Mantis,Mantis,,2800.0,2085.0,-3.0,0.0
Bomba Tornado 4000,Mantis,Mantis,,2500.0,1859.0,-7.0,0.0
Bomba Tornado 2000,Mantis,Mantis,,1900.0,1448.0,1.0,0.0
Skimmer Tornado-180,Mantis,Mantis,,6000.0,4499.0,-4.0,0.0
Skimmer Tornado-120,Mantis,Mantis,,3900.0,2799.0,-3.0,0.0
Skimmer Tornado-150,Mantis,Mantis,,5000.0,3749.0,-3.0,0.0
Red Week Aqua Grande,Week Aqua,Week Aqua,,50.0,23.0,27.0,0.0
Red Week Aqua Mediana,Week Aqua,Week Aqua,,40.0,18.0,28.0,0.0
Red Week Aqua Chica,Week Aqua,Week Aqua,,30.0,13.0,33.0,0.0
Red Week Aqua Mini,Week Aqua,Week Aqua,,25.0,11.0,28.0,0.0
Z250 Pro Week Aqua,Week Aqua,Week Aqua,,3000.0,1850.0,10.0,0.0
M1200 Pro D2 Week Aqua,Week Aqua,Week Aqua,,4300.0,2115.0,2.0,0.0
M400 Pro K Week Aqua,General,,,2000.0,2000.0,1.0,0.0
S400 Pro Week Aqua,Week Aqua,Week Aqua,,1900.0,950.0,3.0,0.0
Liquid Buffer 500ml,Tropic Marine,Tropic Marine,,250.0,161.0,7.0,0.0
Calentador Titanio BRS 600w,Bulk Reef Suply,Bulk Reef Suply,,2500.0,1726.0,-1.0,0.0
Calentador Titanio BRS 300w,Bulk Reef Suply,Bulk Reef Suply,,2000.0,1440.0,1.0,0.0
Calentador Titanio BRS 200w,Bulk Reef Suply,Bulk Reef Suply,,1800.0,1245.0,0.0,0.0
Calentador Titanio BRS 100w,Bulk Reef Suply,Bulk Reef Suply,,1600.0,1149.0,0.0,0.0
Calentador H2 Pro 800w,H2 Pro,H2 Pro,,3200.0,2475.0,0.0,0.0
Mantis Smart Ato,Mantis,Mantis,,1990.0,1392.0,-1.0,0.0
Chaeto Max 2 en 1,Innovative Marine,Innovative Marine,,2500.0,1790.0,0.0,0.0
InkBird ontrolador de Temp,Inkbird,Inkbird,,1750.0,1179.0,2.0,0.0
Algae Scraper Rasqueta 45cm Week Aqua,Week Aqua,Week Aqua,,400.0,120.0,2.0,0.0
Algae Scraper Rasqueta Week Aqua 65cm,Week Aqua,Week Aqua,,480.0,130.0,11.0,0.0
Espatula Week Aqua Sand Flattener,Week Aqua,Week Aqua,,140.0,35.0,-6.0,0.0
Toallas Week Aqua,Week Aqua,Week Aqua,,75.0,15.0,37.0,0.0
Sujetador Lily Pipe Gde,Week Aqua,Week Aqua,,140.0,55.0,0.0,0.0
Sujetador Lily Pipe Md,Week Aqua,Week Aqua,,120.0,45.0,3.0,0.0
Sujetador Lily Pipe Ch,Week Aqua,Week Aqua,,100.0,35.0,5.0,0.0
Splitter 6 Salidas Week Aqua,Week Aqua,Week Aqua,,1400.0,550.0,2.0,0.0
Bubble Counter Con Solenoide 1 Salida Week Aqua,Week Aqua,Week Aqua,,600.0,275.0,4.0,0.0
Bubble Counter Con Solenoide 2 Salidas Week Aqua,Week Aqua,Week Aqua,,600.0,275.0,0.0,0.0
Regulador Co2 Sin Solenoide Week Aqua,Week Aqua,Week Aqua,,1800.0,500.0,9.0,0.0
Tanque Co2 2L Week Aqua,Week Aqua,Week Aqua,,1800.0,700.0,5.0,0.0
Manguera Silicon Week Aqua 16-22mm,Week Aqua,Week Aqua,,100.0,35.0,60.0,0.0
Manguera Silicon Week Aqua 12-16mm,Week Aqua,Week Aqua,,80.0,25.0,111.0,0.0
Thermo Hygrometro Week Aqua,Week Aqua,Week Aqua,,130.0,45.0,6.0,0.0
Pipes Brush 155cm Week Aqua,Week Aqua,Week Aqua,,180.0,50.0,-8.0,0.0
Pipes Brush 45cm Week Aqua,Week Aqua,Week Aqua,,120.0,25.0,3.0,0.0
Difusor Gde con Check Week Aqua,Week Aqua,Week Aqua,,250.0,140.0,-1.0,0.0
Difusor Chico Week Aqua,Week Aqua,Week Aqua,,160.0,105.0,3.0,0.0
Terrario Mini 7 Pro Week Aqua,Week Aqua,Week Aqua,,1100.0,720.0,23.0,0.0
Lampara Mini 7 Pro,Week Aqua,Week Aqua,,1000.0,550.0,-1.0,0.0
Pinza Recta Week Aqua Tweezer Straight,Week Aqua,Week Aqua,,150.0,40.0,-1.0,2.0
Pinza Curva Week Aqua Tweezer Curved,Week Aqua,Week Aqua,,150.0,40.0,2.0,2.0
Vitamins 120ml,AZOO,AZOO,,130.0,65.0,2.0,0.0
Supreme Bioguard 500ml,AZOO,AZOO,,420.0,210.0,1.0,0.0
Supreme Bioguard 250ml,AZOO,AZOO,,270.0,135.0,2.0,0.0
Supreme Bioguard 120ml,AZOO,AZOO,,160.0,80.0,3.0,0.0
Aquaguard Plus 500ml,AZOO,AZOO,,300.0,150.0,2.0,0.0
Aquaguard Plus 250ml,AZOO,AZOO,,190.0,95.0,3.0,0.0
Aquaguard Plus 120ml,AZOO,AZOO,,110.0,55.0,1.0,0.0
Professional Lab Test,Tropic Marine,Tropic Marine,0619106286005,3800.0,2785.0,4.0,1.0
No2/No3 Test,Tropic Marine,Tropic Marine,0619106282601,460.0,347.0,6.0,2.0
Test Ca/Mg Pro,Tropic Marine,Tropic Marine,0619106283806,999.0,748.0,9.0,2.0
O-Megavital Nori 17g,Tropic Marine,Tropic Marine,0619106248713,150.0,94.0,10.0,2.0
Original Balling Components Set 3x1Kg,Tropic Marine,Tropic Marine,0619106265284,999.0,748.0,6.0,2.0
K+ Elements 500ml,Tropic Marine,Tropic Marine,0619106242230,450.0,338.0,49.0,0.0
A- Elements 500ml,Tropic Marine,Tropic Marine,0619106241233,450.0,338.0,27.0,2.0
Inmunovit 60g,Tropic Marine,Tropic Marine,0619106248225,380.0,275.0,5.0,2.0
Coral Clean 250ml,Tropic Marine,Tropic Marine,0619106243329,365.0,280.0,3.0,2.0
Phytonic 250ml,Tropic Marine,Tropic Marine,0619106246559,850.0,644.0,12.0,2.0
Lipovit 50ml,Tropic Marine,Tropic Marine,0619106248027,600.0,440.0,7.0,2.0
Quick Conector 12-16mm,Week Aqua,Week Aqua,,250.0,100.0,5.0,0.0
Quick Conector 16mm,Week Aqua,Week Aqua,,250.0,100.0,1.0,0.0
Quick Conector 12mm,Week Aqua,Week Aqua,,250.0,100.0,2.0,0.0
AquaReady Reactor de Calcio cTech T-2,AquaReady,AquaReady,,6500.0,4498.0,1.0,0.0
Coral Frag Magnético Flipper,Flipper,Flipper,0023632139313,1800.0,1030.0,2.0,0.0
HydroPlex 16 Oz,Ruby Reef,Ruby Reef,0685759111438,500.0,381.0,2.0,0.0
Restor 250ml,Brightwell aquatics,Brightwell aquatics,0810086010530,350.0,175.0,3.0,0.0
Restor 500ml,Brightwell aquatics,Brightwell aquatics,0810086010547,600.0,370.0,0.0,0.0
Phosphat-E 250ml,Brightwell aquatics,Brightwell aquatics,0810086011438,700.0,578.0,2.0,0.0
Flipper Edge,Flipper,Flipper,0023632144225,1650.0,1369.0,0.0,0.0
"DeepSee Orange Lens Filter 4""",Flipper,Flipper,0023632144096,380.0,299.0,1.0,0.0
"DeepSee Orange Lens Filter 5""",Flipper,Flipper,0023632144102,400.0,322.0,1.0,0.0
"DeepSee Orange Lens Filter 3""",Flipper,Flipper,0023632139207,330.0,237.0,0.0,0.0
ViaAqua Titanio 300W,ViaAqua,ViaAqua,0006903733373,1300.0,850.0,-3.0,0.0
Kick Ich 32oz,Ruby Reef,Ruby Reef,0685759125251,980.0,679.0,1.0,0.0
Coral Frag MD IceCap,IceCap,IceCap,6972809520895,1800.0,1390.0,2.0,0.0
Polyp Up 50ml,Aqua Forest,Aqua Forest,5902026734776,715.0,436.0,8.0,0.0
Component 3 en 1 2L,Aqua Forest,Aqua Forest,5902026734790,1410.0,847.0,-1.0,0.0
AF Ultra Blades,Aqua Forest,Aqua Forest,5902026733588,320.0,240.0,1.0,0.0
Reef Salt 4k,Aqua Forest,Aqua Forest,5902026734691,580.0,378.0,0.0,0.0
Reef Salt 10k,Aqua Forest,Aqua Forest,5902026734707,935.0,606.0,-10.0,0.0
Siporax 15mm 1l - 200L (Vol.),Sera,Sera,4001942084727,1110.0,660.0,0,0
Catfish Chips Nature 250ml,Sera,Sera,4001942005111,420.0,262.0,3.0,0.0
Vipagran Nature Staple 250ml,Sera,Sera,4001942002028,315.0,194.0,0,0
ImmunoPro Mini Growth Food 250ml,Sera,Sera,4001942445207,515.0,319.0,2.0,0.0
Marine Granules Staple Food 250ml,Sera,Sera,4001942003803,450.0,281.0,2.0,0.0
Goldy Natutre Flakes 100ml,Sera,Sera,4001942453257,120.0,72.0,5.0,0.0
Superpig 12 Oz 340g,Sera,Sera,643854996572,530.0,317.0,0.0,1.0
Filter Wool 100g,Sera,Sera,4001942084604,160.0,94.0,5.0,2.0
Crystal Clear 12pz - 360l (Vol.),Sera,Sera,4001942445108,630.0,375.0,-1.0,1.0
Siporax Bio Active 210g - 400l (Vol.),Sera,Sera,4001942084857,760.0,450.0,1.0,1.0
Siporax Mini 270g - 200l (Vol.),Sera,Sera,4001942084765,800.0,479.0,3.0,0.0
Siporax Mini 130g - 100l (Vol.),Sera,Sera,4001942084772,430.0,256.0,2.0,1.0
Siporax 15mm 500ml - 100l (Vol.),Sera,Sera,4001942084710,630.0,375.0,1.0,0.0
Siporax Mini 35g - 30l (Vol.),Sera,Sera,4001942068536,160.0,93.0,4.0,1.0
Aquatan 50ml - 200l (Vol.),Sera,Sera,4001942030304,160.0,95.0,6.0,0.0
BlackWater Aquatan 100ml - 500l (Vol.),Sera,Sera,4001942031400,325.0,195.0,3.0,1.0
Marine O-Nip Nature 100ml,Sera,Sera,4001942450102,460.0,285.0,6.0,0.0
Marine Granules Staple Food 1000ml,Sera,Sera,4001942003797,1390.0,860.0,3.0,1.0
Marine Granules Staple Food 100ml,Sera,Sera,4001942003759,260.0,162.0,5.0,1.0
Goldy Color Natutre Spirulina 250ml,Sera,Sera,4001942008822,275.0,171.0,5.0,0.0
Goldy Gran Natutre Granules 250ml,Sera,Sera,4001942008624,260.0,162.0,6.0,0.0
Goldy Gran Nature Granules 100ml,Sera,Sera,4001942008617,120.0,72.0,4.0,1.0
Goldy Natutre Flakes 250ml,Sera,Sera,4001942453318,220.0,134.0,6.0,1.0
Goldy Color Nature Spirulina 100ml,Sera,Sera,4001942008815,130.0,79.0,5.0,1.0
Shrimp Natutre Food 100ml,Sera,Sera,4001942005548,230.0,144.0,4.0,0.0
Micron Nature Fry Food 50ml,Sera,Sera,4001942007207,190.0,116.0,11.0,3.0
Vipagram Baby Fry Food 100ml,Sera,Sera,4001942007054,290.0,178.0,4.0,1.0
FD Bloodworms Nature 5g,Sera,Sera,4001942011303,200.0,122.0,7.0,3.0
O-Nip Nature Treat 100ml,Sera,Sera,4001942004404,450.0,277.0,6.0,1.0
O-Nip Nature Treat 24 Tabs,Sera,Sera,4001942004206,140.0,87.0,11.0,6.0
Discus ImmunPro Growth 1000ml,Sera,Sera,4001942524858,1450.0,897.0,1.0,1.0
Discus ImmunPro Growth 250ml,Sera,Sera,4001942524810,515.0,319.0,2.0,0.0
Discus ImmunPro Growth 100ml,Sera,Sera,4001942524797,250.0,154.0,0.0,2.0
Discus Color Food 100ml,Sera,Sera,4001942003322,235.0,145.0,3.0,0.0
Discus Color Food 250ml,Sera,Sera,4001942003346,450.0,277.0,0.0,2.0
Discus Granulant Nature 1000ml,Sera,Sera,4001942003070,1150.0,713.0,1.0,1.0
Discus Granulant Nature 250ml,Sera,Sera,4001942003056,465.0,287.0,11.0,4.0
Discus Granulant Nature 100ml,Sera,Sera,4001942003001,235.0,144.0,2.0,2.0
Arowana 1000ml,Sera,Sera,4001942004008,740.0,458.0,3.0,1.0
Cichlids Sticks Nature 250ml,Sera,Sera,4001942002288,355.0,220.0,6.0,1.0
Viformo Nature Bottom Feeder 100ml,Sera,Sera,4001942005401,315.0,196.0,5.0,0.0
Viformo Nature Bottom Feeder 50ml,Sera,Sera,4001942005203,160.0,98.0,2.0,1.0
Granured Natutre Cichlid Food 250ml,Sera,Sera,4001942004022,370.0,230.0,10.0,3.0
Catfish Chips Nature 100ml,Sera,Sera,4001942005104,210.0,129.0,2.0,1.0
Catfish Tabs Food XXL 250ml,Sera,Sera,4001942004985,630.0,389.0,1.0,2.0
Flora Nature Veggie Flakes 1000ml,Sera,Sera,4001942453110,1020.0,635.0,3.0,1.0
Flora Nature Veggie Flakes 250ml,Sera,Sera,4001942453073,335.0,208.0,6.0,2.0
Flora Nature Veggie Flakes 100ml,Sera,Sera,4001942453011,180.0,110.0,18.0,6.0
Marine Spirulina Grazer XL Veggie Food 250ml,Sera,Sera,4001942450171,610.0,377.0,6.0,0.0
Marine Spirulina Flakes Herbal Food 250ml,Sera,Sera,4001942450133,330.0,206.0,5.0,2.0
Spirulina Tabs 24pz,Sera,Sera,4001942009201,160.0,96.0,8.0,6.0
Guppy Gran Nature Veggie Food 100ml,Sera,Sera,4001942007108,280.0,172.0,6.0,3.0
San Nature Color Flake 1000ml,Sera,Sera,4001942452977,1020.0,635.0,1.0,1.0
San Nature Color Flake 250ml,Sera,Sera,4001942452939,360.0,224.0,7.0,5.0
San Nature Color Flake 100ml,Sera,Sera,4001942452878,180.0,110.0,13.0,3.0
Bettagran Nature Color Food 50ml,Sera,Sera,4001942001045,150.0,95.0,6.0,3.0
ImmunoPro Growth Food 100ml,Sera,Sera,4001942522953,230.0,143.0,10.0,3.0
ImmunoPro Growth Food 250ml,Sera,Sera,4001942445252,515.0,319.0,6.0,2.0
ImmunoPro Mini Growth Food 100ml,Sera,Sera,4001942523028,230.0,143.0,8.0,3.0
Insect Nature Insect Food 1000ml,Sera,Sera,4001942535663,860.0,534.0,1.0,1.0
Insect Nature Insect Food 250ml,Sera,Sera,4001942534970,360.0,220.0,6.0,0.0
Insect Nature Insect Food 100ml,Sera,Sera,4001942528313,180.0,110.0,20.0,6.0
Vipachips Nature Staple Food 250ml,Sera,Sera,4001942005159,430.0,265.0,5.0,2.0
Vipachips Nature Staple Food 100ml,Sera,Sera,4001942005142,240.0,148.0,12.0,0.0
Vipagram Nature Staple Food 1000ml,Sera,Sera,4001942002035,700.0,437.0,2.0,1.0
Vipagran Nature Staple Food 250ml,Sera,Sera,4001942002035,315.0,194.0,12.0,3.0
Vipagram Nature Staple Food 100ml,Sera,Sera,4001942002011,160.0,100.0,19.0,6.0
Vipan Nature Tropical Flakes 1000ml,Sera,Sera,4001942452830,590.0,366.0,3.0,1.0
Vipan Nature Tropical Flakes 250ml,Sera,Sera,4001942452793,240.0,148.0,7.0,3.0
Vipan Nature Tropical Flakes 100ml,Sera,Sera,4001942452731,140.0,86.0,18.0,6.0
NP-Bacto-Balance 500ml,Tropic Marine,Tropic Marine,0619106244036,350.0,220.0,1.0,0.0
PowerSun 100w uvb,ZooMed,ZooMed,,1750.0,980.0,1.0,0.0
PowerSun 80w uvb,ZooMed,ZooMed,,1400.0,760.0,0.0,0.0
Tijera S Week Aqua Scissor Wavy,Week Aqua,Week Aqua,,200.0,80.0,-4.0,2.0
Tijera Curva Week Aqua Scissors Curved,Week Aqua,Week Aqua,,160.0,70.0,-1.0,2.0
Tijera Recta Week Aqua Scissor Straight,Week Aqua,Week Aqua,,160.0,70.0,12.0,2.0
Alicata Week Aqua,Week Aqua,Week Aqua,,350.0,125.0,18.0,0.0
L600 Pro D2 Week Aqua,Week Aqua,Week Aqua,,4000.0,1990.0,5.0,0.0
Aqua Soil 9L Week Aqua,Week Aqua,Week Aqua,,900.0,425.0,5.0,0.0
Aqua Soil 3L Week Aqua,Week Aqua,Week Aqua,,500.0,200.0,30.0,0.0
Smart Plug Barra Multi Contacto Week Aqua,Week Aqua,Week Aqua,,850.0,430.0,-3.0,0.0
Z400 Pro Week Aqua,Week Aqua,Week Aqua,,4000.0,2570.0,4.0,0.0
DMP-40,Jecod,Jecod,,4200.0,2500.0,0.0,0.0
DMP-30,Jecod,Jecod,,3700.0,2260.0,0.0,0.0
DMP-20,Jecod,Jecod,,2600.0,1700.0,3.0,0.0
Terrario acrílico chico,General,,,800.0,800.0,0,0
Terrario acrilico chico (30x20x20 cm),Only Reptile,Only Reptile,,800.0,600.0,-11.0,0.0
Humidificador Week Aqua,Week Aqua,Week Aqua,,500.0,500.0,-19.0,0.0
Algae Brush Week Aqua,Week Aqua,Week Aqua,,200.0,75.0,2.0,0.0
Ventilador Week Aqua,Week Aqua,Week Aqua,,500.0,230.0,2.0,0.0
Termometro Week Aqua,Week Aqua,Week Aqua,,30.0,17.0,18.0,0.0
Tanque co2 10l Week aqua,Week Aqua,Week Aqua,,3850.0,1600.0,0.0,0.0
Tanque co2 8l Week aqua,Week Aqua,Week Aqua,,4000.0,1300.0,1.0,0.0
Tanque co2 4l Week aqua,Week Aqua,Week Aqua,,2800.0,940.0,1.0,0.0
Solucion Dropchecker Week aqua,Week Aqua,Week Aqua,,130.0,25.0,1.0,0.0
Drop Checker Monitor Set Co2 Week Aqua,Week Aqua,Week Aqua,,200.0,70.0,-1.0,0.0
Lily pipes skimmer 16mm  Week aqua,Week Aqua,Week Aqua,,1400.0,580.0,9.0,0.0
Lily pipes acero 16mm Week aqua,Week Aqua,Week Aqua,,1400.0,450.0,9.0,0.0
Lily pipes skimmer 12mm  Week aqua,Week Aqua,Week Aqua,,1200.0,530.0,6.0,0.0
Lily pipe acero 12mm Week aqua,Week Aqua,Week Aqua,,1200.0,400.0,5.0,0.0
co2 difusser in line 16mm Week aqua,Week Aqua,Week Aqua,,500.0,230.0,2.0,0.0
Bubble Counter Week Aqua,Week Aqua,Week Aqua,,150.0,80.0,23.0,0.0
Splitter 3 salidas Week aqua,Week Aqua,Week Aqua,,850.0,300.0,5.0,0.0
Splitter 2 Salidas Week Aqua,Week Aqua,Week Aqua,,600.0,250.0,0.0,0.0
Regulador Co2 Con Solenoide Week Aqua,Week Aqua,Week Aqua,,2200.0,620.0,-1.0,0.0
M1200 Pro K Week aqua,Week Aqua,Week Aqua,,3800.0,1800.0,1.0,0.0
M900 Pro K Week Aqua,Week Aqua,Week Aqua,,3200.0,1525.0,2.0,0.0
M600 Pro K Week Aqua,Week Aqua,Week Aqua,,2600.0,1200.0,2.0,0.0
Z400 Sea Week Aqua,Week Aqua,Week Aqua,,4750.0,2830.0,2.0,0.0
L1200 Pro D2 Week Aqua,Week Aqua,Week Aqua,,5800.0,3050.0,1.0,0.0
L900 Pro D2 Week Aqua,Week Aqua,Week Aqua,,4800.0,2470.0,6.0,0.0
L1200 Pro K Week Aqua,Week Aqua,Week Aqua,,5300.0,2710.0,2.0,0.0
M450 Pro K Week Aqua,Week Aqua,Week Aqua,,2200.0,960.0,-1.0,0.0
S450 Pro Week aqua,Week Aqua,Week Aqua,,2000.0,1000.0,2.0,0.0
Carbon Tropic Marine 5k,Tropic Marine,Tropic Marine,,1800.0,1125.0,2.0,0.0
Placa Térmica c/ Regulador 65x28cm 35W,Exotic's,Exotic's,,480.0,341.0,0.0,0.0
Placa Térmica c/ Regulador 53x28cm 28W,Exotic's,Exotic's,,430.0,308.0,0.0,0.0
Placa Térmica c/ Regulador 40x28cm 20W,Exotic's,Exotic's,,400.0,276.0,0.0,0.0
Placa Térmica c/ Regulador 28x28cm 14W,Exotic's,Exotic's,,330.0,220.0,0.0,0.0
Placa Térmica c/ Regulador 15x28cm 7W,Exotic's,Exotic's,,260.0,176.0,0.0,0.0
Placa Térmica c/ Regulador 14x15cm 5W,Exotic's,Exotic's,,180.0,122.0,0.0,0.0
Marine Mix M 2500g,Aqua Forest,Aqua Forest,,3660.0,2197.0,2.0,0.0
Marine Mix Flakes 25g,Aqua Forest,Aqua Forest,,270.0,165.0,5.0,0.0
Test Pro Pack,Aqua Forest,Aqua Forest,5902026733304,1230.0,736.0,3.0,0.0
Coral Glue 2oz,Premium Aquatics,Premium Aquatics,,280.0,150.0,7.0,0.0
Rata jumbo - Alimento congelado,Alimento congelado,Alimento congelado,,70.0,38.0,0,0
Rata grande - Alimento congelado,Alimento congelado,Alimento congelado,,55.0,38.0,0,0
Rata mediana - Alimento congelado,Alimento congelado,Alimento congelado,,50.0,33.0,0,0
Moss-Bark 1kg,ReptilTerra,ReptilTerra,7028001094937,50.0,35.0,2.0,0.0
Peat Moss Básico 1kg,ReptilTerra,ReptilTerra,7009001091492,60.0,35.0,-119.0,0.0
SuperLoad 3oz/85g,Repashy,Repashy,0643854997401,150.0,72.0,0.0,0.0
Copepodos 250ml Fitomix,FitoMix,FitoMix,,250.0,130.0,0,0
Dubia ninfa,Alimento vivo,Alimento vivo,,75.0,50.0,0,0
Pangea Digital Thermometer,Pangea,Pangea,0854732004726,150.0,150.0,0.0,0.0
MF Bloque grande x10,Genérico,Genérico,,1200.0,750.0,0.0,0.0
MF Bloque hoyos x30,Genérico,Genérico,,500.0,250.0,0,0
MF Bloque hoyos x10,Genérico,Genérico,,200.0,250.0,0,0
MF Bloque hoyos,Genérico,Genérico,,30.0,250.0,0,0
MF Bloque X,Genérico,Genérico,,30.0,250.0,0,0
MF Bloque X x30pz,Genérico,Genérico,,600.0,250.0,0,0
MF Bloque X x10pz,Genérico,Genérico,,250.0,250.0,0,0
Magnetic Scrapper M,NO.1,NO.1,,500.0,600.0,36.0,0.0
Magnetic scraper S,NO.1,NO.1,,380.0,213.0,33.0,0.0
Mini decontamination pill 500g,NO.1,NO.1,,380.0,130.0,93.0,0.0
Comb Fiter cloth 40*100,NO.1,NO.1,,120.0,36.0,66.0,0.0
Magic filter bag 20*35,NO.1,NO.1,,100.0,23.0,117.0,0.0
Week Aqua mini 9 pro base,Week Aqua,Week Aqua,,450.0,220.0,2.0,0.0
Reactor LH300,Qanvee,Qanvee,6973486780213,300.0,100.0,55.0,0.0
Generador de olas SOW5,Jebao,Jebao,,1400.0,866.0,2.0,0.0
AC Mini Mysis 200g V2O,Alimento congelado,Alimento congelado,812261020112,350.0,260.0,1.0,0.0
AC Rotifers 200g V2O,Alimento congelado,Alimento congelado,8122610202111,350.0,235.0,1.0,0.0
AC Formula one 200g ON,Ocean nutrition,Ocean nutrition,098731100755,290.0,190.0,2.0,0.0
AC  Spirulina 200g ON,Ocean nutrition,Ocean nutrition,098731550758,290.0,190.0,2.0,0.0
AC Angel formula 200g ON,Ocean nutrition,Ocean nutrition,098731700757,290.0,190.0,1.0,0.0
AC Prime reef 200g ON,Ocean nutrition,Ocean nutrition,098731300759,290.0,190.0,2.0,0.0
AC Mysis 200g ON,Ocean nutrition,Ocean nutrition,098731772365,290.0,190.0,1.0,0.0
AC Discus formula 100G ON,Ocean nutrition,Ocean nutrition,098731230353,180.0,108.0,1.0,0.0
AC 50/50 200g V2O,Alimento congelado,Alimento congelado,812261021010,370.0,325.0,0.0,0.0
AC Spirulina Brine 200g V2O,Alimento congelado,Alimento congelado,812261020716,360.0,325.0,1.0,0.0
AC Ocean plankton 100g Hikari,Alimento congelado,Alimento congelado,042055329200,180.0,128.0,1.0,0.0
AC Tubifex 100g Hikari,Alimento congelado,Alimento congelado,042055329200,180.0,128.0,4.0,0.0
Easy starter 120ml,AZOO,AZOO,,75.0,50.0,2.0,0.0
11 IN 1 Bacteria 120,AZOO,AZOO,,120.0,80.0,0.0,0.0
11 IN 1 Bacteria 250ml,AZOO,AZOO,,200.0,130.0,2.0,0.0
Triple black water 250ML,General,,,170.0,115.0,-5.0,0.0
Fluval 207,Fluval,Fluval,,3199.0,2480.0,0.0,0.0
Aquamaster staple s 1kg,Aqua Master,Aqua Master,,600.0,400.0,1.0,0.0
Aquamaster wheat germ s 5kg,Aqua Master,Aqua Master,,2950.0,1980.0,1.0,0.0
Aquamaster growth s 5kg,Aqua Master,Aqua Master,,2900.0,1958.0,1.0,0.0
Aquamaster color enhancer s 5kg,Aqua Master,Aqua Master,,3200.0,2172.0,1.0,0.0
Aquamaster staple s 5kg,Aqua Master,Aqua Master,,2500.0,1724.0,1.0,0.0
Aquamaster growth s 1kg,Aqua Master,Aqua Master,,670.0,445.0,1.0,0.0
Aquamaster wheat germ s 1kg,Aqua Master,Aqua Master,,670.0,445.0,1.0,0.0
Aquamaster color enhancer s 1kg,Aqua Master,Aqua Master,,700.0,465.0,0.0,0.0
Fluval 307,Fluval,Fluval,,4000.0,3200.0,0.0,0.0
MF Esfera chica 30pz,Genérico,Genérico,,100.0,100.0,0,0
Small Silicone Cup Red,Pangea,Pangea,,80.0,49.0,33.0,5.0
Small Silicone Cup Green,Pangea,Pangea,,80.0,49.0,14.0,0.0
Small Silicone Cup Blue,Pangea,Pangea,,80.0,49.0,15.0,0.0
Pangea Humidity Hide Box Small,Pangea,Pangea,,220.0,106.0,-2.0,0.0
Small Silicone Cup Adapter Large,Pangea,Pangea,,28.0,6.0,24.0,5.0
Pangea Medium Rock Cave,Pangea,Pangea,0850005832140,385.0,190.0,11.0,4.0
Pangea Microdish  Branch Mount Small,Pangea,Pangea,0850039672880,330.0,160.0,14.0,5.0
Pangea Medium Rock Bowl,Pangea,Pangea,0850005832157,290.0,140.0,30.0,0.0
Pangea Hide Box Extra Large,Pangea,Pangea,0854732004597,325.0,156.0,0.0,5.0
Pangea Pinzas 30cm,Pangea,Pangea,,210.0,105.0,-3.0,1.0
Pangea Pinzas 20cm,Pangea,Pangea,,180.0,95.0,-2.0,2.0
Pangea Sexing Loupe,Pangea,Pangea,0854732004795,260.0,120.0,2.0,1.0
Hanging Coconut,Pangea,Pangea,,200.0,118.0,0.0,1.0
Pangea Large Rock Cave,Pangea,Pangea,0850005832133,400.0,210.0,2.0,5.0
Pangea Dinosaur Skull,Pangea,Pangea,0850005832102,385.0,190.0,31.0,5.0
Pangea Human Skull,Pangea,Pangea,0850005832119,355.0,175.0,12.0,0.0
Pangea Crocodile Skull,Pangea,Pangea,0850005832126,220.0,110.0,37.0,5.0
Pangea Esponja de Repuesto 10pz,Pangea,Pangea,0850005832294,165.0,72.0,7.0,2.0
Pangea Humidity Hide Box Medium,Pangea,Pangea,0850005832560,325.0,153.0,0.0,5.0
Pangea Hide Box Large,Pangea,Pangea,0854732004672,290.0,132.0,-5.0,5.0
Pangea Hide Box Medium,Pangea,Pangea,0854732004665,215.0,100.0,16.0,10.0
Pangea Hide Box Small,Pangea,Pangea,0850005832034,130.0,57.0,8.0,10.0
Pangea Hide Box Mini,Pangea,Pangea,0850005832041,105.0,45.0,34.0,0.0
"Pangea Drainage Mesh 45cm 18x18""",Pangea,Pangea,0850005832287,130.0,63.0,0.0,2.0
"Pangea Drainage Mesh 30cm 12x12""",Pangea,Pangea,0850005832270,110.0,53.0,5.0,0.0
"Pangea Drainage Mesh 20cm 8x8""",Pangea,Pangea,0850005832263,90.0,42.0,2.0,2.0
Pangea Temp & Humidity Gauge,Pangea,Pangea,0850005832409,265.0,120.0,0.0,10.0
Pangea VivBright LED 13W,Pangea,Pangea,0854732004467,1000.0,470.0,1.0,0.0
Pangea Halogen Heat Lamp 75W,Pangea,Pangea,0850005832614,350.0,170.0,33.0,0.0
Pangea Halogen Heat Lamp 50W,Pangea,Pangea,0850005832607,325.0,158.0,46.0,0.0
Pangea Deep Heat Projector 100W,Pangea,Pangea,0850005832591,825.0,365.0,43.0,2.0
Pangea Deep Heat Projector 75W,Pangea,Pangea,0850005832584,770.0,350.0,30.0,2.0
Pangea Deep Heat Projector 50W,Pangea,Pangea,0850005832577,715.0,389.0,38.0,2.0
Plastic Feeding Cup Large 10pz,Pangea,Pangea,0850039672118,20.0,6.0,0.0,50.0
Plastic Feeding Cup Small 10pz,Pangea,Pangea,0850039678707,15.0,4.0,0.0,50.0
Small Silicone Cup Black,Pangea,Pangea,,80.0,49.0,-3.0,6.0
Small Silicone Cup Adapter Small,Pangea,Pangea,,25.0,6.0,19.0,5.0
Pangea Suction Cup Acrylic Large,Pangea,Pangea,0854732004573,300.0,140.0,15.0,0.0
Pangea Suction Cup Acrylic Small,Pangea,Pangea,0854732004580,230.0,120.0,6.0,4.0
Magnetic Gecko Ledge - Acrylic Small,Pangea,Pangea,0854732004542,485.0,240.0,14.0,4.0
Magnetic Gecko Ledge - Acrylic Large,Pangea,Pangea,0854732004023,540.0,260.0,21.0,4.0
Pangea Microdish Surface Mini Dual,Pangea,Pangea,0850039672866,330.0,160.0,15.0,6.0
Pangea Microdish Branch Mount Large,Pangea,Pangea,0850039672897,385.0,185.0,16.0,6.0
Pangea Microdish Branch Mount Mini Dual,Pangea,Pangea,0850039672859,330.0,160.0,13.0,0.0
Pangea Microdish Surface Small,Pangea,Pangea,0850039672873,330.0,160.0,15.0,6.0
Pangea Mini Magnetic Ledge,Pangea,Pangea,0854732004313,385.0,190.0,0.0,6.0
Pangea Ultimate Cup Adapter,Pangea,Pangea,,70.0,35.0,10.0,2.0
Pangea Gecko Ultimate Ledge Magnetic,Pangea,Pangea,0854732004504,640.0,300.0,10.0,2.0
Pangea Miner All Indoor 6oz/170g,Pangea,Pangea,0041139400019,320.0,150.0,19.0,6.0
PangeaCal Calcium without D3 85g,Pangea,Pangea,0850005832010,180.0,80.0,-4.0,10.0
PangeaCal Calcium with D3 85g,Pangea,Pangea,0850005832003,200.0,85.0,-6.0,10.0
Pangea Egg Organizer,Pangea,Pangea,,330.0,165.0,12.0,5.0
Pangea Hatch 1.81kg,Pangea,Pangea,854732004177,320.0,165.0,0.0,2.0
Pangea Hatch 907g,Pangea,Pangea,0854732004160,240.0,130.0,1.0,0.0
Pangea Hatch 454g,Pangea,Pangea,0854732004153,180.0,95.0,0.0,2.0
Pangea GD Sample Pack 7x2oz,Pangea,Pangea,0850005832928,1815.0,930.0,0.0,1.0
Pangea P.I.G. 1820g,Pangea,Pangea,,1815.0,890.0,0.0,1.0
Pangea P.I.G. 453g,Pangea,Pangea,854732004474,640.0,310.0,0.0,1.0
Pangea P.I.G. 8oz/225g,Pangea,Pangea,0854732004474,495.0,240.0,10.0,0.0
Pangea GT Fruit Mix 64oz/1.81kg,Pangea,Pangea,0854732004375,3190.0,1570.0,0.0,1.0
Pangea GT Fruit Mix 16oz/454g,Pangea,Pangea,0854732004306,970.0,470.0,1.0,2.0
Pangea GD With Watermelon 64oz/1.81kg,Pangea,Pangea,0854732004351,3575.0,1755.0,0.0,1.0
Pangea GD With Watermelon 16oz/454g,Pangea,Pangea,0854732004115,1035.0,505.0,0.0,2.0
Pangea GD Growth & Breeding 16oz/454g,Pangea,Pangea,0854732004641,1100.0,540.0,0.0,0.0
Pangea GD Growth & Breeding 64oz/1.81kg,Pangea,Pangea,0854732004658,3850.0,1870.0,0.0,0.0
Pangea GD With Insects 16oz/454g,Pangea,Pangea,0854732004405,1035.0,505.0,-3.0,1.0
Pangea GD With Insects 64oz/1.81kg,Pangea,Pangea,0854732004429,3575.0,1755.0,0.0,1.0
Pangea GD Papaya 64oz/1.81kg,Pangea,Pangea,0854732004337,3575.0,1755.0,0.0,0.0
Pangea GD Papaya 16oz/454g,Pangea,Pangea,0854732004276,1035.0,505.0,0.0,2.0
Pangea GD Fig & Insects 64oz/1.81kg,Pangea,Pangea,0854732004078,3575.0,1755.0,0.0,0.0
Pangea GD Fig & Insects 16oz/454g,Pangea,Pangea,0854732004962,1035.0,505.0,0.0,2.0
Pangea GD Apricot 64oz/1.81kg,Pangea,Pangea,3853442004221,3575.0,1755.0,1.0,1.0
Pangea GD Apricot 16oz/454g,Pangea,Pangea,0854732004214,1035.0,505.0,1.0,2.0
Magnetic MegaVeggieMag Max,Two Little Fishies,Two Little Fishies,,1000.0,760.0,0.0,0.0
Superhorn 70oz/2kg,Repashy,Repashy,0643854999078,1100.0,777.0,2.0,0.0
Savory Stew 3oz/85g,Repashy,Repashy,0643854998002,250.0,135.0,0.0,0.0
Mealworms Pie 3oz/85g,Repashy,Repashy,0643854999627,260.0,145.0,5.0,0.0
Superhorn 12oz/340g,Repashy,Repashy,0643854999054,400.0,205.0,1.0,0.0
Supercal LoD 17.6oz/500g,Repashy,Repashy,0643854996343,300.0,215.0,1.0,0.0
Grubs 'n' fruits 12oz/340g,Repashy,Repashy,0643854950437,500.0,359.0,0.0,0.0
Mulberry madness 12oz/340g,Repashy,Repashy,0643854999238,500.0,359.0,2.0,0.0
Crested Gecko Classic 12oz/340g,Repashy,Repashy,0643854951441,500.0,359.0,1.0,0.0
Fig Frenzy 6oz,Repashy,Repashy,0643854999665,380.0,215.0,4.0,0.0
Mango superblend 6oz/170g,Repashy,Repashy,0643854995506,400.0,225.0,2.0,0.0
3D Retractible Net Cuadrada Large,Aquapro,Aquapro,6975017511099,250.0,90.0,4.0,0.0
3D Retractible Net Circular Small,Aquapro,Aquapro,6975017510559,200.0,90.0,-1.0,0.0
Neo Bag Minus,Aquario,Aquario,8809702871855,280.0,215.0,4.0,0.0
Neo Booster Tropical 300ml,Aquario,Aquario,8809702871657,300.0,194.0,3.0,0.0
Mini 9 Pro Week Aqua,Week Aqua,Week Aqua,,500.0,300.0,-86.0,0.0
MF Block Nano NO.1 30pz,NO.1,NO.1,,750.0,100.0,88.0,0.0
Arcadia Halogen Heat Lamp 50w,Arcadia,Arcadia,844046001498,435.0,435.0,1.0,0.0
L900 Pro K Week Aqua,Week Aqua,Week Aqua,,4400.0,2160.0,7.0,0.0
TM potassium 500ml,Tropic Marine,Tropic Marine,,220.0,155.0,2.0,0.0
Tropic Marine Bio calcium 500g,Tropic Marine,Tropic Marine,,250.0,160.0,-1.0,0.0
Elimi-Aiptas 500mL,Tropic Marine,Tropic Marine,,750.0,580.0,-1.0,0.0
Repuesto Navaja Bubble Magus,General,,,290.0,240.0,3.0,0.0
Stress guard 100 ml,Seachem,Seachem,,200.0,100.0,-3.0,0.0
Stress guard 250 ml,Seachem,Seachem,,400.0,200.0,-2.0,0.0
Stress guard 500 ml,Seachem,Seachem,,620.0,310.0,-5.0,0.0
Zeolite 250 ml,Seachem,Seachem,,1.0,1.0,1.0,0.0
Vitality 500 ml,Seachem,Seachem,,1.0,1.0,0.0,0.0
Renew 2L,Seachem,Seachem,,1.0,1.0,0,0
Tropic Marine Classic Sea salt 10kg,Tropic Marine,Tropic Marine,0619106101285,1050.0,793.0,5.0,0.0
Salifert Oxygen,Salifert,Salifert,8714079130446,450.0,400.0,1.0,0.0
Chemipure Green 5oz,Boyd Enterprises,Boyd Enterprises,0719958000009,450.0,220.0,3.0,0.0
Aspersor 2L,Only Reptile,Only Reptile,,180.0,99.0,-1.0,0.0
Aspersor 1L,Only Reptile,Only Reptile,,160.0,89.0,-6.0,0.0
Terrario acrilico closet grande (30x15x15cm),Only Reptile,Only Reptile,,650.0,650.0,-29.0,0.0
Terrario acrilico mini (10x10x10cm),Only Reptile,Only Reptile,,250.0,1000.0,0,0
Hydro-Load 6.6lb/3kg,Repashy,Repashy,0643854995971,2000.0,1382.0,2.0,0.0
Crested gecko MRP 6oz/170g,Repashy,Repashy,0643854908200,350.0,204.0,7.0,0.0
Crested Gecko Classic 3oz/85g,Repashy,Repashy,0643854903655,260.0,145.0,37.0,0.0
Caribsea Special grade reef sand 18kg,CaribSea,CaribSea,,1450.0,880.0,-8.0,0.0
AF UltraScrape XL,Aqua Forest,Aqua Forest,5902026733601,3940.0,2955.0,0.0,0.0
AF UltraScrape L,Aqua Forest,Aqua Forest,5902026733571,2260.0,1695.0,0.0,0.0
Sea salt 25kg,Aqua Forest,Aqua Forest,5902026730174,1700.0,1106.0,2.0,0.0
Neo Booster Plants 1l,Aquario,Aquario,8809702871640,650.0,448.0,1.0,0.0
Pangea GD Fig & Insects 8oz/225g,Pangea,Pangea,0854732004955,540.0,265.0,-3.0,5.0
AquaStik Coralline Red 4oz,Two Little Fishies,Two Little Fishies,0748172442005,360.0,245.0,0.0,0.0
Mag Feeder - Magnetic Feeding Ring,Two Little Fishies,Two Little Fishies,0748172507247,450.0,281.0,3.0,0.0
BRS GFO 1lb - Granular Ferric Oxide,Bulk Reef Suply,Bulk Reef Suply,0853710007865,960.0,598.0,2.0,0.0
BRS Bituminous Carbon 32oz,Bulk Reef Suply,Bulk Reef Suply,0850000695061,265.0,165.0,0.0,0.0
Bio Brick - 1000 gallons,Brightwell aquatics,Brightwell aquatics,0810086016822,1080.0,672.0,-3.0,0.0
Vitamarin M 500ml - Suplemento multivitamínico,Brightwell aquatics,Brightwell aquatics,0810086010646,745.0,464.0,0.0,0.0
Microbacter StartXLM 500ml,Brightwell aquatics,Brightwell aquatics,0810086019526,940.0,569.0,-2.0,0.0
Shrimp Florin Multi 500ml,Brightwell aquatics,Brightwell aquatics,0096647000183,275.0,170.0,-1.0,0.0
Shrimp Florin Gro+ 500ml,Brightwell aquatics,Brightwell aquatics,0096647000220,275.0,170.0,0.0,0.0
Red Slime 20g - 300gal,Ultra Life,Ultra Life,0790869100101,470.0,294.0,0,0
RedCyano Rx 4g - 300gal,Blue Life,Blue Life,0858542001241,340.0,212.0,3.0,0.0
AccuraSea 250ml,Two Little Fishies,Two Little Fishies,0748172507001,300.0,137.0,1.0,0.0
Digital Salinity Refractometer MA887,Milwaukee,Milwaukee,0810666006007,3060.0,1911.0,0,0
BiodiLife+ 100ml - 3000l,ProdiBio,ProdiBio,3594200019902,120.0,79.0,6.0,0.0
Biotrace x30,ProdiBio,ProdiBio,3594200001334,800.0,612.0,1.0,0.0
Bioptim pro x10 - 20000l,ProdiBio,ProdiBio,3594200007213,1700.0,1292.0,4.0,0.0
Red Marine Algae 150g - 50 sheets (copia),Ocean nutrition,Ocean nutrition,0098731250078,860.0,466.0,2.0,0.0
Green Marine Algae 150g - 50 sheets,Ocean nutrition,Ocean nutrition,0098731250276,860.0,466.0,1.0,0.0
Polyp One 500ml,Polyp Lab,Polyp Lab,0019962972430,330.0,201.0,3.0,0.0
Flipper Flip kick,Flipper,Flipper,0652043949534,1130.0,704.0,0.0,0.0
Eheim Everyday Fish Feeder - 100ml,Eheim,Eheim,0720686350182,1400.0,671.0,1.0,0.0
BRS Pro Cation Resin - 1 Refill,Bulk Reef Suply,Bulk Reef Suply,0853710007247,400.0,251.0,3.0,0.0
Comeline DocSkimmer 9001 - 140l,Tunze,Tunze,4025167900112,4900.0,3563.0,0.0,0.0
Comeline DocSkimmer 9004 - 250l,Tunze,Tunze,4025167900402,6780.0,4608.0,0.0,0.0
Floating Fish Trap,Nyos,Nyos,4260246924539,1700.0,917.0,0,0
SeaVeggies Red Seaweed Flakes 30g,Two Little Fishies,Two Little Fishies,0748172504024,160.0,101.0,1.0,0.0
SeaVeggies Mixed Seaweed Flakes 30g,Two Little Fishies,Two Little Fishies,0748172508022,160.0,101.0,1.0,0.0
Nano-Tech Anaerobic-Block 2pz - 1000l,Maxspect,Maxspect,6971764810485,580.0,314.0,1.0,0.0
Pastel Reef Magnifier,Maxspect,Maxspect,6971764811437,755.0,470.0,2.0,0.0
Nano ATO,JBJ,JBJ,0754111158005,2900.0,1813.0,1.0,0.0
Gourmet Defroster Pro,Innovative Marine,Innovative Marine,6940005107462,660.0,410.0,1.0,0.0
Professional Reef Test Kit,Hanna,Hanna,,9600.0,6036.0,1.0,0.0
Coral Dip 8oz,Coral Rx,Coral Rx,0850699002010,380.0,235.0,1.0,0.0
BRS GFO 4lb - Granular Ferric Oxide,Bulk Reef Suply,Bulk Reef Suply,0853710007377,2875.0,1797.0,1.0,0.0
BRS GFO 2lb - Granular Ferric Oxide,Bulk Reef Suply,Bulk Reef Suply,0853710007490,1725.0,1078.0,3.0,0.0
BRS Bituminous Carbon 128oz,Bulk Reef Suply,Bulk Reef Suply,0853710007353,850.0,407.0,0.0,0.0
BRS Bituminous Carbon 64oz,Bulk Reef Suply,Bulk Reef Suply,0853710007476,600.0,241.0,1.0,0.0
BRS Biopellets 1.5lb,Bulk Reef Suply,Bulk Reef Suply,0853710007834,1840.0,1148.0,4.0,0.0
BRS Biopellets 0.75lb,Bulk Reef Suply,Bulk Reef Suply,0853710007339,1130.0,705.0,9.0,0.0
BRS Insta Set 60ml - Glue Accelerator,Bulk Reef Suply,Bulk Reef Suply,0707336151009,200.0,150.0,2.0,0.0
Vitamarin M 250ml - Suplemento multivitamínico,Brightwell aquatics,Brightwell aquatics,0810086010639,440.0,274.0,0.0,0.0
Refractometer Calibration Standard  60ml,Brightwell aquatics,Brightwell aquatics,0810086019076,200.0,155.0,2.0,0.0
NeoPhos 500ml,Brightwell aquatics,Brightwell aquatics,0810086016280,350.0,249.0,1.0,0.0
NeoPhos 250ml,Brightwell aquatics,Brightwell aquatics,0810086016273,220.0,143.0,-3.0,0.0
NeoNitro 250ml,Brightwell aquatics,Brightwell aquatics,0810086016242,195.0,80.0,1.0,0.0
NeoNitro 500ml,Brightwell aquatics,Brightwell aquatics,0810086016259,350.0,186.0,1.0,0.0
Microbacter StartXLM 250ml,Brightwell aquatics,Brightwell aquatics,0810086019519,650.0,500.0,1.0,0.0
Microbacter StartXLM 125ml,Brightwell aquatics,Brightwell aquatics,0810086019502,350.0,205.0,0.0,0.0
Garlic Power 30ml,Brightwell aquatics,Brightwell aquatics,0810086010219,375.0,232.0,0.0,0.0
Shrimp Florin Multi 250ml,Brightwell aquatics,Brightwell aquatics,0096647000176,175.0,108.0,-2.0,0.0
Shrimp Florin Gro+ 250ml,Brightwell aquatics,Brightwell aquatics,0096647000213,175.0,108.0,2.0,0.0
Shrimp FlorinBacter7 500ml,Brightwell aquatics,Brightwell aquatics,0096647000268,415.0,257.0,2.0,0.0
Shrimp FlorinBacter7 250ml,Brightwell aquatics,Brightwell aquatics,0096647000251,235.0,145.0,-4.0,0.0
ChaetoGro 500ml - Refugium Fertilizer,Brightwell aquatics,Brightwell aquatics,0810086017072,600.0,426.0,-3.0,0.0
ChaetoGro 250ml - Refugium Fertilizer,Brightwell aquatics,Brightwell aquatics,0810086017065,350.0,249.0,2.0,0.0
AminOmega 125ml - Amino & Omega - 3/6 HUFA,Brightwell aquatics,Brightwell aquatics,0810086010028,400.0,249.0,2.0,0.0
Lugol's 30ml - Lugol's Solution,Brightwell aquatics,Brightwell aquatics,0810086010349,480.0,380.0,1.0,0.0
Vitachem 4oz - Marine Formula,Boyd Enterprises,Boyd Enterprises,0719958167078,300.0,199.0,3.0,0.0
Chemipure Green 11oz,Boyd Enterprises,Boyd Enterprises,0719958000016,750.0,421.0,3.0,0.0
Chemipure Green Nano 5x22g - 110g,Boyd Enterprises,Boyd Enterprises,0719958000054,360.0,210.0,2.0,0.0
Chemipure Elite 46oz,Boyd Enterprises,Boyd Enterprises,0719958167450,1900.0,1299.0,1.0,0.0
LumenIZE Jumper T5 to T5,Arcadia,Arcadia,5018296000753,150.0,75.0,0.0,0.0
LumenIZE ShadeDwellerMax ProT5 2.5% UVB,Arcadia,Arcadia,,2200.0,1520.0,0.0,0.0
ShadeDweller Pro-Arboreal T5 2.4% UVB Kit,Arcadia,Arcadia,,1500.0,700.0,0.0,0.0
Halogen Heat Lamp 100w,Arcadia,Arcadia,844046001511,300.0,200.0,-4.0,0.0
Halogen Heat Lamp 50w,Arcadia,Arcadia,844046001498,250.0,170.0,-1.0,0.0
Halogen Heat Lamp 35w,Arcadia,Arcadia,844046002013,250.0,170.0,0.0,0.0
Deep Heat Projector 50w,Arcadia,Arcadia,5060127655441,600.0,400.0,-1.0,0.0
"LumenIZE Jungle Dawn 48"" (120cm) 80 Watt",Arcadia,Arcadia,844046002587,3000.0,2200.0,0.0,0.0
"LumenIZE Jungle Dawn 35"" (90cm) 54 Watt",Arcadia,Arcadia,844046002570,2700.0,1900.0,1.0,0.0
"LumenIZE Jungle Dawn 23"" (60cm) 39 Watt",Arcadia,Arcadia,844046002563,2100.0,1500.0,0.0,0.0
EarthPro CalciumPro-Mg 450g,Arcadia,Arcadia,844046013972,500.0,220.0,-1.0,0.0
EarthPro CalciumPro-Mg 80g,Arcadia,Arcadia,844046013996,150.0,120.0,0.0,0.0
Arcadia Solar Basking Flood 50w,Arcadia,Arcadia,844046001832,150.0,100.0,4.0,0.0
Calcium plus LoD 105oz/3kg,Repashy,Repashy,0643854995681,2000.0,1296.0,-1.0,0.0
Calcium plus LoD 17.6oz/500g,Repashy,Repashy,0643854995667,550.0,387.0,4.0,0.0
Supercal NoD 105oz/3kg,Repashy,Repashy,0643854996435,1550.0,860.0,-1.0,0.0
Pumpkin pie 3oz/85g,Repashy,Repashy,0643854999559,250.0,135.0,2.0,0.0
Morning wood  12oz/340g,Repashy,Repashy,0643854999252,500.0,359.0,2.0,0.0
LumenIZE ProT5 120cm,Arcadia,Arcadia,844046002723,2600.0,2200.0,0.0,0.0
LumenIZE ProT5 90cm,Arcadia,Arcadia,0844046002686,2400.0,2200.0,0.0,0.0
Combo Deep Dome Dual Lamp,ZooMed,ZooMed,0097612322255,1350.0,760.0,-1.0,0.0
Terrarium Moss 5.62L,ZooMed,ZooMed,0097612200256,500.0,310.0,-2.0,0.0
New Zealand Sphagnum Moss 1.3L,ZooMed,ZooMed,097612200294,200.0,100.0,4.0,0.0
Skimmer Octo CLSC 200 INT,Reef Octopus,Reef Octopus,,8000.0,5300.0,0.0,0.0
Skimmer Octo CLSC 150S,Reef Octopus,Reef Octopus,,7900.0,4600.0,1.0,0.0
Termostato Sicce 100W,Sicce,Sicce,8011469978986,999.0,590.0,0.0,0.0
eSHa 2000 20ml,eSHa,eSHa,,380.0,270.0,-1.0,0.0
eSHa Minaroll 20ml,eSHa,eSHa,,335.0,239.0,-2.0,0.0
eSHa Oodinex 20ml,eSHa,eSHa,,430.0,306.0,-2.0,0.0
eSHa alx 20ml,eSHa,eSHa,,620.0,441.0,2.0,0.0
eSHa ndx 20ml,eSHa,eSHa,,630.0,450.0,0.0,0.0
eSHa gdex 20ml,eSHa,eSHa,,630.0,450.0,0.0,0.0
eSHa optima 20ml,eSHa,eSHa,,310.0,216.0,-1.0,0.0
eSHa Hexamita 20ml,eSHa,eSHa,,530.0,377.0,-5.0,0.0
eSHa Exit 20ml,eSHa,eSHa,,310.0,216.0,1.0,0.0
eSHa Trimarin 20ml,eSHa,eSHa,,470.0,333.0,1.0,0.0
MicroBacter Clean 500ml,Brightwell aquatics,Brightwell aquatics,0810086017805,490.0,260.0,-4.0,0.0
MicroBacter Clean 250ml,Brightwell aquatics,Brightwell aquatics,0810086017799,260.0,150.0,-3.0,0.0
Microbacter Clean 2000ml,Brightwell aquatics,Brightwell aquatics,810086012213,1000.0,1000.0,0.0,0.0
Elementals Trace Mn,Fauna Marin,Fauna Marin,4260119455252,570.0,352.0,-1.0,0.0
RTN / STN X 500ml,Fauna Marin,Fauna Marin,4260119458352,1130.0,705.0,2.0,0.0
DINO X 1000ml,Fauna Marin,Fauna Marin,4260119451117,1900.0,1360.0,1.0,0.0
Trace 3 BL 500ml,Fauna Marin,Fauna Marin,4260119450967,540.0,340.0,2.0,0.0
Trace 3 BL 250ml,Fauna Marin,Fauna Marin,4260119450936,360.0,225.0,0.0,0.0
Trace 2 BL 500ml,Fauna Marin,Fauna Marin,4260119450950,540.0,340.0,2.0,0.0
Trace 2 BL 250ml,Fauna Marin,Fauna Marin,4260119450929,360.0,225.0,0.0,0.0
Trace 1 BL 250ml,Fauna Marin,Fauna Marin,4260119450912,330.0,210.0,0.0,0.0
Trace 1 BL 500ml,Fauna Marin,Fauna Marin,4260119450943,540.0,340.0,2.0,0.0
RED X 500ml,Fauna Marin,Fauna Marin,4260119454316,1130.0,705.0,2.0,0.0
RED X 250ml,Fauna Marin,Fauna Marin,4260119454309,680.0,425.0,1.0,0.0
Ready 2 Reef 500ml,Fauna Marin,Fauna Marin,4260119459618,520.0,330.0,0.0,0.0
RTN / STN X 1000ml,Fauna Marin,Fauna Marin,4260119458369,2180.0,1360.0,0.0,0.0
Colembolo Chico,Alimento vivo,Alimento vivo,,50.0,10.0,0,0
Cucaracha Runner,Alimento vivo,Alimento vivo,,40.0,40.0,-47.0,0.0
B120 Lampara Chihiros 120cm,Chihiros,Chihiros,,3500.0,2214.0,1.0,0.0
B90 Lampara Chihiros 90cm,Chihiros,Chihiros,,3100.0,1997.0,1.0,0.0
B45 Lampara Chihiros 45cm,Chihiros,Chihiros,,2100.0,1254.0,1.0,0.0
RGB Vivid 2 10th Anniversary edition,Chihiros,Chihiros,,10200.0,7840.0,-3.0,0.0
Nano co2 diffuser S,Chihiros,Chihiros,6974333541674,280.0,200.0,0.0,0.0
Reptilite Smokey Sand 20lb,CaribSea,CaribSea,10008479007237,500.0,335.0,2.0,0.0
Reptilite Smokey Sand 10lb,CaribSea,CaribSea,10008479007138,300.0,200.0,-2.0,0.0
Reptilite Aztec Gold 20lb,CaribSea,CaribSea,10008479007244,500.0,335.0,-6.0,0.0
Reptilite Aztec Gold 10lb,CaribSea,CaribSea,0008479007148,300.0,200.0,-9.0,0.0
Reptilite Desert Rose 20lb,CaribSea,CaribSea,10008479007213,500.0,335.0,-8.0,0.0
Reptilite Desert Rose 10lb,CaribSea,CaribSea,10008479007114,300.0,200.0,-6.0,0.0
CaribSea Coral Style Gravel 9kg,CaribSea,CaribSea,,450.0,260.0,0.0,0.0
LumenIZE ProT5 60cm,Arcadia,Arcadia,844046002693,2200.0,2200.0,0.0,0.0
Salifert Iodine Test,Salifert,Salifert,,450.0,320.0,0.0,0.0
Organic All In One 500ml,Fauna Marin,Fauna Marin,4260119450585,900.0,565.0,3.0,0.0
Organic All In One 250ml,Fauna Marin,Fauna Marin,4260119450578,520.0,325.0,1.0,0.0
Ready 2 Reef 250ml,Fauna Marin,Fauna Marin,4260119459601,410.0,260.0,1.0,0.0
Skimmer Octo CLSC 150 INT,Reef Octopus,Reef Octopus,,7800.0,4200.0,0.0,0.0
Skimmer Octo CLSC 110 INT,Reef Octopus,Reef Octopus,,5200.0,3500.0,0.0,0.0
Control Hydros x4 Starter Pack,Hydros,Hydros,,8990.0,5750.0,0.0,0.0
Termostato Sicce 300w,Sicce,Sicce,,1250.0,780.0,2.0,0.0
PraziPro 4oz,Hikari,Hikari,,480.0,327.0,1.0,0.0
PraziPro 16oz,Hikari,Hikari,,1350.0,1009.0,1.0,0.0
Sistema de lluvia Votezio,Sistema de Lluvia,Sistema de Lluvia,,1000.0,1000.0,-1.0,0.0
Sistema de lluvia Wifi,Sistema de Lluvia,Sistema de Lluvia,,1000.0,1000.0,1.0,0.0
Beardie Buffet 12oz/340g,Repashy,Repashy,0643854999368,500.0,359.0,0.0,0.0
Grasshopper Pie 3oz/85g,Repashy,Repashy,0643854996879,250.0,135.0,3.0,0.0
Calcium plus LoD 6oz/170g,Repashy,Repashy,0643854902559,350.0,186.0,-12.0,0.0
Termostato Sicce 200W,Sicce,Sicce,8011469978986,1100.0,755.0,4.0,0.0
Finnex Termostato 200w,Fineex,Fineex,850006562664,2200.0,650.0,0.0,0.0
Skimmer Curve 5,Bubble magus,Bubble magus,,3900.0,2720.0,2.0,0.0
Skimmer Z6,Bubble magus,Bubble magus,,3850.0,2200.0,2.0,0.0
Skimmer Z8,Bubble magus,Bubble magus,,4200.0,2400.0,1.0,0.0
S300 Pro Week aqua,Week Aqua,Week Aqua,,1800.0,890.0,5.0,0.0
L600 Pro K Week Aqua,Week Aqua,Week Aqua,,3400.0,1680.0,9.0,0.0
M900 D2 Week Aqua,Week Aqua,Week Aqua,,3700.0,1850.0,0.0,0.0
M600 Pro D2 Week Aqua,Week Aqua,Week Aqua,,3000.0,1525.0,1.0,0.0
M450 D1 Week aqua,Week Aqua,Week Aqua,,2400.0,1150.0,-1.0,0.0
M300 D1 Week aqua,Week Aqua,Week Aqua,,2000.0,1050.0,-3.0,0.0
Mini Deep Dome Lamp (15cm),ZooMed,ZooMed,,550.0,340.0,-15.0,0.0
Pinzas 16 cm,General,,,60.0,60.0,-2.0,0.0
Pinzas 20 cm,General,,,70.0,70.0,-7.0,0.0
Pinza 20 cm,General,,,70.0,70.0,0,0
Repticare Terrarium Controller,ZooMed,ZooMed,0097612327120,680.0,340.0,0.0,0.0
Coconut Chips 1500g,ZooMed,ZooMed,0097612790214,380.0,150.0,-2.0,0.0
Coconut Chips 500g,ZooMed,ZooMed,0097612790115,150.0,60.0,2.0,0.0
EcoCarpet Green / Tan 40x40cm,ZooMed,ZooMed,097612701128,120.0,75.0,1.0,0.0
Tropical UVB & Heat Lighting Kit,ZooMed,ZooMed,0097612322309,1450.0,700.0,0.0,0.0
Frog Moss 1.3l,ZooMed,ZooMed,097612200300,200.0,80.0,7.0,0.0
Salifert trace hard 1l,Salifert,Salifert,8714079140360,540.0,453.0,2.0,0.0
Salifert reef boron,Salifert,Salifert,8714079140223,215.0,144.0,2.0,0.0
Salifert coral grower 250ml,Salifert,Salifert,0714079140131,310.0,210.0,2.0,0.0
Salifert coral grower 1l,Salifert,Salifert,8714079140155,1030.0,700.0,1.0,0.0
Salifert coralline aminoacids,Salifert,Salifert,8714079140094,885.0,600.0,2.0,0.0
Salifert all in one,Salifert,Salifert,8714079140032,960.0,650.0,3.0,0.0
Triple Buffer 250g,Tropic Marine,Tropic Marine,0619106270028,280.0,161.0,11.0,0.0
TM Pro Coral Mineral 500g,Tropic Marine,Tropic Marine,0619106250327,350.0,238.0,1.0,0.0
Pro-Coral Reef Snow 60g,Tropic Marine,Tropic Marine,0619106247228,340.0,260.0,3.0,0.0
Iod 50ml,Tropic Marine,Tropic Marine,0619106243046,210.0,152.0,0.0,0.0
ReptiSun 5.0 Compact Fluorescent 13w,ZooMed,ZooMed,0097612340068,550.0,175.0,4.0,0.0
Advanced Soil Shrimp 3L,Help,Help,,380.0,234.0,-51.0,0.0
Nano co2 diffuser L,Chihiros,Chihiros,6974333541681,380.0,250.0,2.0,0.0
Nano co2 diffuser Tiny,Chihiros,Chihiros,6974333541698,350.0,250.0,1.0,0.0
Nano co2 diffuser M,Chihiros,Chihiros,6974333541674,300.0,250.0,2.0,0.0
Stronti+ 1pz,ProdiBio,ProdiBio,,40.0,20.0,-4.0,0.0
Biodigest pro x10,ProdiBio,ProdiBio,3594200007114,1700.0,1200.0,2.0,0.0
Neo Guard 1000ML,Aquario,Aquario,8809702871619,640.0,448.0,1.0,0.0
Drop checker HD,UNS,UNS,810004575967,300.0,196.0,3.0,0.0
Drop checker SD,UNS,UNS,810004575950,300.0,196.0,3.0,0.0
Fluker's Liquid Vitamin 50ml,Fluker's,Fluker's,0091197730603,180.0,110.0,0.0,0.0
Fluker's Liquid Calcium 50ml,Fluker's,Fluker's,0091197730610,180.0,110.0,1.0,0.0
Nero 3,Aqua Illumination,Aqua Illumination,,3800.0,2699.0,0.0,0.0
Payaso Marron,Fauna,Fauna,,250.0,250.0,10.0,0.0
Nutritreats paleta,The Other Paws,The Other Paws,7503035326112,50.0,35.0,1.0,0.0
Nutritreats Barra,The Other Paws,The Other Paws,7503035326143,50.0,35.0,0.0,0.0
Nutritreats Dona,The Other Paws,The Other Paws,,50.0,35.0,2.0,0.0
Nutritreats Bolsa,The Other Paws,The Other Paws,7503035326129,100.0,75.0,1.0,0.0
ARM Coarse Reactor Media 1Gal,CaribSea,CaribSea,008479005298,760.0,479.0,1.0,0.0
Pez payaso Cat. 2,Fauna,Fauna,,1200.0,250.0,50.0,0.0
Pez payaso Cat. 3,Fauna,Fauna,,700.0,250.0,-2.0,0.0
Pez payaso Cat. 1,Fauna,Fauna,,2500.0,250.0,17.0,0.0
Pez payaso Común,Fauna,Fauna,,250.0,250.0,16.0,0.0
Reptivita Care 80gr,Macrovita Int.,Macrovita Int.,7506440800285,140.0,90.0,-8.0,0.0
Reptivita 80gr,Macrovita Int.,Macrovita Int.,7506440800284,120.0,73.0,2.0,0.0
Nero 7,Aqua Illumination,Aqua Illumination,,6500.0,4998.0,1.0,0.0
NP-Bacto pellets 1000ml,Tropic Marine,Tropic Marine,0619106257067,970.0,746.0,12.0,0.0
"Válvulas Check 1/2""",General,,,430.0,285.0,-8.0,0.0
Spectrum Thera + A Large 150g,Spectrum,Spectrum,0817987022341,330.0,231.0,6.0,0.0
Spectrum Optimum Flakes 600g,Spectrum,Spectrum,817987029272,1550.0,1114.0,1.0,0.0
Rata chica - Alimento congelado,Alimento congelado,Alimento congelado,,40.0,28.0,0,0
Destetada - Alimento congelado,Alimento congelado,Alimento congelado,,30.0,23.0,0,0
Fuzzy - Alimento congelado,Alimento congelado,Alimento congelado,,25.0,20.0,0,0
Pinky - Alimento congelado,Alimento congelado,Alimento congelado,,20.0,15.0,0,0
DDR contenedor doble Dosificadora DOS,Neptune System,Neptune System,,4800.0,3500.0,0,0
Dosificadora DOS Neptune,Neptune System,Neptune System,,7800.0,6000.0,0.0,0.0
RS Foundation KH Alkalinity 5L,Red Sea,Red Sea,730773220250,2000.0,1575.0,-3.0,0.0
RS Foundation Magnesium 5L,Red Sea,Red Sea,730773220359,2000.0,383.0,0.0,0.0
RS Foundation Calcium 5L,Red Sea,Red Sea,730773220151,2000.0,382.0,1.0,0.0
Tropic Marine Pro Reef salt 30kg,Tropic Marine,Tropic Marine,,2560.0,1993.0,-11.0,0.0
Caribsea South Seas Arches,CaribSea,CaribSea,008479003782,400.0,265.0,0,0
Caribsea Rock Lock Cement 500g,CaribSea,CaribSea,008479055002,700.0,449.0,-1.0,0.0
Caribsea Ocean Direct 9kg,CaribSea,CaribSea,008479009203,760.0,400.0,0.0,0.0
Costalito GD,Feri,Feri,,30.0,12.0,-20.0,0.0
Costalito MD,Feri,Feri,,25.0,11.0,17.0,0.0
Aqua protector Z3,SLAqua,SLAqua,,480.0,316.0,2.0,0.0
Escondite resina chico,Only Reptile,Only Reptile,,70.0,50.0,0.0,0.0
Porta esferas de acrilico CH,El Taller,El Taller,,500.0,630.0,2.0,0.0
Iodi+ 1pz,ProdiBio,ProdiBio,,40.0,20.0,0.0,0.0
Biodigest Pro 1pz,ProdiBio,ProdiBio,,180.0,105.0,-2.0,0.0
Conexion con tuerca,Ósmosis,Ósmosis,,50.0,25.0,8.0,0.0
Conexion doble osmosis,Ósmosis,Ósmosis,,50.0,25.0,3.0,0.0
Dosing container - Contenedores p/ dosificadora,Chihiros,Chihiros,,1000.0,300.0,0,0
Magnet cleaner Nano - Imán de acrílico (copia),Chihiros,Chihiros,,500.0,320.0,-3.0,0.0
Garden mat 20cm,Chihiros,Chihiros,,130.0,80.0,1.0,0.0
Dosing Tube Holder - Manguera p/ Dosificadora,Chihiros,Chihiros,,420.0,300.0,-2.0,0.0
Tijeras S,Genérico,Genérico,,250.0,220.0,22.0,0.0
Agua Bidestilada 20l,Ósmosis,Ósmosis,,80.0,45.0,-165.0,2.0
Tortoise Lamp Combo Pack,ZooMed,ZooMed,0097612370058,880.0,880.0,0.0,0.0
Bearded Dragon Lamp Combo Pack,ZooMed,ZooMed,0097612370065,650.0,650.0,0.0,0.0
Advanced soil plants powder 8l,Help,Help,,950.0,712.0,7.0,0.0
Hydra 32 HD,Aqua Illumination,Aqua Illumination,,8600.0,6879.0,1.0,0.0
Medio F/2 guillard,Master Aquatics,Master Aquatics,,400.0,300.0,-1.0,0.0
Fat coral 120 g,Master Aquatics,Master Aquatics,,550.0,300.0,1.0,0.0
Fat coral 30g,Master Aquatics,Master Aquatics,,250.0,300.0,0.0,0.0
Bio reef 30ml,Master Aquatics,Master Aquatics,,250.0,300.0,1.0,0.0
Rainbow plus kit 3,Master Aquatics,Master Aquatics,,800.0,300.0,1.0,0.0
Miracle remedy,Master Aquatics,Master Aquatics,,650.0,650.0,-1.0,0.0
Capsulas Nannocloropsis sp. 10pz,Lab Reef,Lab Reef,,450.0,250.0,1.0,0.0
Hanna Reagente pH Marino,Hanna,Hanna,,150.0,314.0,4.0,0.0
Hanna Pluma de conductividad,Hanna,Hanna,,2500.0,1600.0,1.0,0.0
Hanna Checker pH,Hanna,Hanna,,1850.0,1108.0,2.0,0.0
Hanna Checker Iron Fe,Hanna,Hanna,,1850.0,1108.0,1.0,0.0
Xport PO4 Cubes,Brightwell aquatics,Brightwell aquatics,,0.0,0.0,1.0,0.0
Gonio power x5 50ml,Master Aquatics,Master Aquatics,,500.0,382.0,1.0,0.0
Nitra dirty up 30ml,Master Aquatics,Master Aquatics,,250.0,250.0,-3.0,0.0
Estroncio 30ml,Master Aquatics,Master Aquatics,,250.0,250.0,0.0,0.0
Potasio 30ml,Master Aquatics,Master Aquatics,,250.0,250.0,-1.0,0.0
Yodo 30ml,Master Aquatics,Master Aquatics,,250.0,250.0,0.0,0.0
Tropic Marine Pro Reef salt 10kg,Tropic Marine,Tropic Marine,0619106105511,1150.0,858.0,-16.0,0.0
Reef Mud Substrate 2.7kg,Tropic Marine,Tropic Marine,0619106258040,780.0,780.0,2.0,0.0
Reef Actif 1.2kg,Tropic Marine,Tropic Marine,0619106247068,2500.0,2000.0,3.0,0.0
Pro Coral Kalk 800g,Tropic Marine,Tropic Marine,0619106221341,290.0,240.0,2.0,0.0
Pro-Tect 250mL,Tropic Marine,Tropic Marine,0619106240922,220.0,158.0,1.0,0.0
Elimi-Aiptas 50mL,Tropic Marine,Tropic Marine,0619106243442,220.0,120.0,-5.0,0.0
RS Coral nutrition AB+ 250ml,Red Sea,Red Sea,0730773221028,350.0,350.0,0.0,0.0
Vitality 100ml,Seachem,Seachem,0000116149501,250.0,164.0,-3.0,0.0
Marine buffer 250g,Seachem,Seachem,0000116034609,240.0,160.0,2.0,0.0
Marine buffer 500g,Seachem,Seachem,0000116034302,415.0,275.0,2.0,0.0
Coral Safeguard,Master Aquatics,Master Aquatics,,350.0,350.0,2.0,0.0
Pest out 50 ml,Master Aquatics,Master Aquatics,,250.0,250.0,2.0,0.0
Gonio power 50ml,Master Aquatics,Master Aquatics,,280.0,212.0,3.0,0.0
Coral-aid 500ml,Master Aquatics,Master Aquatics,,550.0,550.0,2.0,0.0
Coral-aid 250ml,Master Aquatics,Master Aquatics,,400.0,300.0,2.0,0.0
Bio reef 50ml,Master Aquatics,Master Aquatics,,350.0,350.0,1.0,0.0
Shrimp sticks 55g,Tropical,Tropical,,90.0,62.0,32.0,0.0
Caridina nano sticks 10g,Tropical,Tropical,,60.0,39.0,64.0,0.0
Marine power probiotic soft M 130g,Tropical,Tropical,5900469612842,350.0,259.0,5.0,0.0
Marine power probiotic soft M 52g,Tropical,Tropical,5900469612835,180.0,130.0,9.0,0.0
Marine power coral food SPS,Tropical,Tropical,,250.0,190.0,1.0,0.0
Marine power coral food LPS mini granules,Tropical,Tropical,,250.0,190.0,0.0,0.0
AC Fresh Krill 113g V2O,Alimento congelado,Alimento congelado,812261021126,230.0,180.0,5.0,2.0
AC Mysis Shrimp 100g Hikari,Alimento congelado,Alimento congelado,042055309202,160.0,112.0,6.0,0.0
AC Spirulina Brine Shrimp 100g Hikari,Alimento congelado,Alimento congelado,0420553252202,170.0,116.0,7.0,0.0
AC Daphnia 100g Hikari,Alimento congelado,Alimento congelado,042055303200,160.0,112.0,2.0,2.0
AC Discus 100g Hikari,Alimento congelado,Alimento congelado,042055326209,180.0,131.0,0.0,2.0
Cabeza de poder SPH-1200,General,,,250.0,170.0,-1.0,0.0
Cabeza de poder SPH-600,General,,,190.0,150.0,5.0,0.0
Termostato 50w SGH50,General,,,120.0,75.0,-1.0,0.0
Filtro de cascada SHF-10000,Sunny,Sunny,,600.0,432.0,1.0,0.0
Filtro de cascada SHF-600,Sunny,Sunny,,395.0,281.0,-1.0,0.0
Filtro de cascada SHF-300,Sunny,Sunny,,190.0,135.0,0.0,0.0
Filtro de cascada SHF-400,Sunny,Sunny,,280.0,198.0,-2.0,0.0
Terrario closet grande,Zar del LED,Zar del LED,,800.0,800.0,0,0
Elos,General,,,260.0,190.0,4.0,0.0
Formula one pellet M 200g,Ocean nutrition,Ocean nutrition,,450.0,250.0,1.0,0.0
Pangea Silicone Eco Dish,Pangea,Pangea,0850005832836,330.0,145.0,18.0,6.0
Custodian Fuel 80g,Arcadia,Arcadia,0844046012180,380.0,269.0,0.0,0.0
StickyFootGold 50g,Arcadia,Arcadia,0844046002136,200.0,168.0,2.0,0.0
EarthPro Shed Support 30g,Arcadia,Arcadia,0844046000729,400.0,269.0,2.0,0.0
RevitaliseD3 100g,Arcadia,Arcadia,844046002037,500.0,220.0,0.0,0.0
RevitaliseD3 50g,Arcadia,Arcadia,0844046002037,300.0,110.0,0.0,0.0
Dragon Fuel 125g,Arcadia,Arcadia,,650.0,449.0,0.0,0.0
The Arcadia Guide to Reptile & Amphibian Nutrition,Arcadia,Arcadia,,650.0,650.0,0.0,0.0
Bio-Activity and the Theory of Wild Re-Creation,Arcadia,Arcadia,,850.0,607.0,0.0,0.0
Ceramic Heater 150w,Arcadia,Arcadia,0844046001405,500.0,337.0,0.0,0.0
Ceramic Heater 100w,Arcadia,Arcadia,,450.0,337.0,0.0,0.0
Ceramic Heater 50w,Arcadia,Arcadia,0844046001382,400.0,337.0,0.0,0.0
D3EVO 100W,Arcadia,Arcadia,0844046001894,1750.0,1237.0,0.0,0.0
"Tubo 22"" 6% - 55cm",Arcadia,Arcadia,844046006493,500.0,250.0,4.0,0.0
"Tubo 46"" 6% - 115cm",Arcadia,Arcadia,0844046006516,650.0,562.0,1.0,0.0
"Tubo 34"" 6% - 85cm",Arcadia,Arcadia,0844046006509,550.0,494.0,2.0,0.0
"Tubo 22"" 12% - 55cm",Arcadia,Arcadia,0844046006523,550.0,483.0,1.0,0.0
"Tubo 46"" 12% - 115cm",Arcadia,Arcadia,0844046006547,850.0,607.0,2.0,0.0
"Tubo 34"" 12% - 85cm",Arcadia,Arcadia,0844046006530,680.0,535.0,0.0,0.0
"Tubo 22"" 14% - 55cm",Arcadia,Arcadia,0844046012258,800.0,573.0,0.0,0.0
"Tubo 46"" 14% - 115cm",Arcadia,Arcadia,,1050.0,735.0,0.0,0.0
"Tubo 34"" 14% - 85cm",Arcadia,Arcadia,,900.0,645.0,0.0,0.0
"Kit ProT5 UVB 24"" - 60cm",Arcadia,Arcadia,,1750.0,1574.0,0.0,0.0
"Kit ProT5 UVB 36"" - 90cm",Arcadia,Arcadia,,1900.0,1687.0,0.0,0.0
"Kit ProT5 UVB 48"" - 120cm",Arcadia,Arcadia,5060127656493,2200.0,2550.0,0.0,0.0
ShadeDweller 7% UVB - 30cm,Arcadia,Arcadia,,2200.0,2200.0,0.0,0.0
Compact D3 UVB 12% 23W,Arcadia,Arcadia,0844046001597,600.0,562.0,0.0,0.0
Arcadia Compact foco 13W UVB 12%,Arcadia,Arcadia,5060127656691,835.0,835.0,0.0,0.0
Compact D3 UVB 7% 23W,Arcadia,Arcadia,844046001597,900.0,562.0,0.0,0.0
Compact D3 UVB 7% 13W,Arcadia,Arcadia,,600.0,562.0,-1.0,0.0
PureSun Compact Bird Lamp,Arcadia,Arcadia,0844046011091,800.0,562.0,1.0,0.0
Fig Frenzy 3oz,Repashy,Repashy,0643854999610,260.0,145.0,8.0,0.0
Supercal NoD 6oz/170g,Repashy,Repashy,0643854996404,220.0,113.0,9.0,0.0
Cherry boom 6oz/170g,Repashy,Repashy,0643854999481,380.0,204.0,18.0,0.0
Regulador co2 valvula mini,UNS,UNS,810004570597,4200.0,3500.0,1.0,0.0
AC Brine Shrimp 100g V2O,Alimento congelado,Alimento congelado,,200.0,154.0,-1.0,0.0
All For Reef Liquido 500ml,Tropic Marine,Tropic Marine,,400.0,300.0,78.0,0.0
All For Reef Pulver 1600g,Tropic Marine,Tropic Marine,0619106267547,1050.0,807.0,-34.0,0.0
Cochinillas 100pz,Alimento vivo,Alimento vivo,,60.0,35.0,0.0,0.0
Terrario horizontal vidrio 40x70x40,Mayas,Mayas,,2400.0,1650.0,0.0,0.0
Brazo Soporte A8,Jebao,Jebao,,1500.0,500.0,6.0,0.0
A8 Lampara Led,Jebao,Jebao,,8000.0,4500.0,0.0,0.0
Bomba de retorno MDP 20000,Jebao,Jebao,,6800.0,4533.0,2.0,0.0
Sistema de lluvia automatizado,Sistema de Lluvia,Sistema de Lluvia,,900.0,410.0,-11.0,0.0
Bebedero resina mini,Only Reptile,Only Reptile,,15.0,25.0,0,0
Bebedero resina grande,Only Reptile,Only Reptile,,60.0,25.0,0.0,0.0
Lava Soil 5L,Aqua Forest,Aqua Forest,,550.0,340.0,4.0,0.0
Superhorn 3oz/85g,Repashy,Repashy,0643854999139,180.0,90.0,5.0,0.0
Caribsea Florida Crushed coral 6kg,CaribSea,CaribSea,008479001207,450.0,260.0,0.0,0.0
Garlic Essence 10ml,Aqua Forest,Aqua Forest,5902026733854,290.0,174.0,13.0,0.0
Small size stand for RGB VIVID and WRGB,Chihiros,Chihiros,,1600.0,1274.0,0.0,0.0
Repuesto Navaja chihiros,General,,,180.0,76.0,14.0,0.0
Generador de olas SDW16,Jebao,Jebao,,2500.0,1235.0,0.0,0.0
Generador de olas SDW9,Jebao,Jebao,,2100.0,1235.0,0.0,0.0
Chihiros Cooling Fan BT,Chihiros,Chihiros,,1400.0,925.0,1.0,0.0
Z Light Tiny,Chihiros,Chihiros,,1250.0,1250.0,-1.0,0.0
Aqua Soil 9L,Chihiros,Chihiros,,950.0,634.0,5.0,0.0
Aqua Soil 3L,Chihiros,Chihiros,,499.0,355.0,9.0,0.0
Flourish Glue 2x4g,Seachem,Seachem,0000116311601,200.0,137.0,4.0,0.0
Reef Phytoplancton 250ml,Seachem,Seachem,0000116150606,300.0,200.0,-5.0,0.0
Pangea GT Fruit Mix 8oz/228g,Pangea,Pangea,0854732004009,490.0,240.0,8.0,0.0
Pangea GD Growth & Breeding 8oz/228g,Pangea,Pangea,854732004641,640.0,310.0,-2.0,5.0
RS Starter Kit Reef Mature,Red Sea,Red Sea,0730773222100,650.0,465.0,2.0,0.0
RS Trace colors Trace D 500ml,Red Sea,Red Sea,0730773220731,320.0,249.0,3.0,0.0
Camaleon velo M,Fauna,Fauna,,1600.0,500.0,0.0,0.0
Llave de paso osmosis,Ósmosis,Ósmosis,,80.0,45.0,-2.0,0.0
Conexion codo/recta osmosis,Ósmosis,Ósmosis,,30.0,10.0,28.0,0.0
Conexion T/codo gd osmosis,Ósmosis,Ósmosis,,50.0,25.0,4.0,0.0
Mango superblend 3oz/85g,Repashy,Repashy,0643854995513,260.0,145.0,17.0,0.0
VitaSand - Sonoran White 10 lb,ZooMed,ZooMed,,260.0,260.0,0.0,0.0
VitaSand - Sahara Slate 10L,ZooMed,ZooMed,,260.0,260.0,0.0,0.0
VitaSand - Outback Orange 10 lb,ZooMed,ZooMed,,260.0,260.0,0.0,0.0
VitaSand - Gobi Gold 10 lb,ZooMed,ZooMed,,260.0,260.0,0.0,0.0
Terrarium Moss,ZooMed,ZooMed,,240.0,240.0,0.0,0.0
ReptiRain (Automatic Misting Machine),ZooMed,ZooMed,,2300.0,1250.0,0.0,0.0
ReptiCalcium with D3 8oz,ZooMed,ZooMed,0097612134087,260.0,130.0,-1.0,0.0
ReptiCalcium without D3 8oz,ZooMed,ZooMed,0097612133080,220.0,120.0,-2.0,0.0
Repti Deep Dome Lamp (21cm),ZooMed,ZooMed,0097612321708,750.0,350.0,2.0,0.0
HydroBalls (Clay Pellet Substrate),ZooMed,ZooMed,0097612720105,300.0,80.0,-5.0,0.0
Paludarium UVB & Plant Growth Lighting Kit,ZooMed,ZooMed,,1450.0,954.0,0.0,0.0
Aqua knight V1,Spectra,Spectra,,2100.0,1200.0,-1.0,0.0
ReptiVite with D3 8oz,ZooMed,ZooMed,0097612103687,400.0,271.0,0.0,0.0
ReptiSun UVB/Led,ZooMed,ZooMed,0097612340143,3150.0,2250.0,1.0,0.0
ReptiSun Nano UVB 5w,ZooMed,ZooMed,0097612340020,350.0,257.0,0.0,0.0
Nano Ceramic Heat Emiter 40w,ZooMed,ZooMed,0097612310405,350.0,245.0,0.0,0.0
Nano Ceramic Heat Emiter 25w,ZooMed,ZooMed,0097612310252,350.0,245.0,-4.0,0.0
ReptiSun 5.0 Compact Fluorescent 26w,ZooMed,ZooMed,0097612340051,700.0,491.0,0.0,0.0
Digital Min Max Thermometer,ZooMed,ZooMed,0097612300321,300.0,330.0,1.0,0.0
"Feeding Tongs 6""",ZooMed,ZooMed,0097612622003,70.0,70.0,8.0,0.0
Alimentador Jecod AF-500B,Jecod,Jecod,,450.0,285.0,-4.0,2.0
Alimentador Jebao AF-250B,Jecod,Jecod,,360.0,225.0,-3.0,2.0
Canister Jebao CF 55U,Jecod,Jecod,,3800.0,1900.0,4.0,2.0
Canister Jebao CF 55,Jecod,Jecod,,3500.0,1850.0,3.0,2.0
Canister Jebao CF 45U,Jecod,Jecod,,3500.0,1850.0,1.0,2.0
Canister Jebao CF 45,Jecod,Jecod,,3200.0,1700.0,7.0,2.0
Black soldier fly,Probugs,Probugs,0847852012139,100.0,100.0,7.0,0.0
Silkworm,Probugs,Probugs,0847852012146,70.0,70.0,13.0,0.0
Riceworm,Probugs,Probugs,0847852012283,70.0,70.0,12.0,0.0
Superpig 3oz/85g,Repashy,Repashy,0643854997500,260.0,172.0,12.0,0.0
Pineapple express 3oz/85g,Repashy,Repashy,0643854999269,250.0,135.0,14.0,0.0
Cherry bomb 3oz/85g,Repashy,Repashy,0643854999467,250.0,136.0,14.0,0.0
Banana Cream Pie 3oz/85g,Repashy,Repashy,0643854997203,250.0,135.0,6.0,0.0
Superfly 6oz,Repashy,Repashy,0643854901057,210.0,113.0,4.0,0.0
Superfly 17oz/500g,Repashy,Repashy,0643854950260,400.0,237.0,4.0,0.0
Morning wood 3oz/85g,Repashy,Repashy,0643854999252,250.0,135.0,-8.0,0.0
AC Rotifers 100g V2O,Alimento congelado,Alimento congelado,012261020208,180.0,120.0,1.0,2.0
AC Blood Worms 100g V2O,Alimento congelado,Alimento congelado,812261020402,220.0,173.0,0.0,0.0
AC Cyclops 100g V2O,Alimento congelado,Alimento congelado,812261020303,180.0,135.0,4.0,0.0
AC Brine Shrimp 200g V2O,Alimento congelado,Alimento congelado,812261020518,250.0,158.0,0.0,0.0
AC Blood Worm 100g Reva,Alimento congelado,Alimento congelado,7500074009990,180.0,135.0,-3.0,0.0
AC Krill 100g Hikari,Alimento congelado,Alimento congelado,042055307208,180.0,135.0,0.0,0.0
AC Mega Marine Algae 100g Hikari,Alimento congelado,Alimento congelado,042055317207,180.0,135.0,0.0,0.0
AC Pacifica Krill 113g V2O,Alimento congelado,Alimento congelado,812261021423,180.0,135.0,0.0,0.0
Quiste de Artemia Naranja,Genérico,Genérico,,100.0,64.0,-1.0,0.0
Quistes de Artemia Negro,Genérico,Genérico,,165.0,110.0,2.0,0.0
Cichlid Vegi Pellet M 200g,Ocean nutrition,Ocean nutrition,098731061961,270.0,190.0,1.0,0.0
Cichlid Vegi Pellet M 100g,Ocean nutrition,Ocean nutrition,,140.0,100.0,1.0,0.0
Cichlid Vegi Pellet S 200g,Ocean nutrition,Ocean nutrition,098731091923,230.0,162.0,1.0,0.0
Cichlid Vegi Pellet S 100g,Ocean nutrition,Ocean nutrition,098731091909,140.0,100.0,1.0,0.0
Cichlid Omni Pellets M 200g,Ocean nutrition,Ocean nutrition,,460.0,328.0,1.0,0.0
Cichlid Omni Pellets S 200g,Ocean nutrition,Ocean nutrition,098731091923,460.0,328.0,1.0,0.0
Cichlid Omni Pellets M 100g,Ocean nutrition,Ocean nutrition,,240.0,168.0,1.0,0.0
Cichlid Omni Pellets S 100g,Ocean nutrition,Ocean nutrition,198731091909,240.0,168.0,1.0,0.0
Discus Flakes 70g,Ocean nutrition,Ocean nutrition,098731254458,240.0,168.0,2.0,0.0
Community Formula Flakes 154g,Ocean nutrition,Ocean nutrition,,460.0,328.0,1.0,0.0
Community Formula Flakes 70g,Ocean nutrition,Ocean nutrition,098731256100,240.0,168.0,-1.0,0.0
Cichlid Vegi Flakes 154g,Ocean nutrition,Ocean nutrition,098731256407,460.0,328.0,1.0,0.0
Cichlid Vegi Flakes 70g,Ocean nutrition,Ocean nutrition,,240.0,268.0,1.0,0.0
Cichlid Omni Flakes 154g,Ocean nutrition,Ocean nutrition,098731256551,460.0,328.0,1.0,0.0
Cichlid Omni Flakes 70g,Ocean nutrition,Ocean nutrition,09873125650,240.0,168.0,1.0,0.0
Instant Baby Brine Shrimp 20g,Ocean nutrition,Ocean nutrition,098731884020,460.0,302.0,0.0,0.0
Brine Shrimp Eggs 50g,Ocean nutrition,Ocean nutrition,098731250702,900.0,604.0,0.0,0.0
Green Marine Algae 30g - 10 sheets,Ocean nutrition,Ocean nutrition,0098731250252,250.0,139.0,-13.0,0.0
Green Marine Algae 12g,Ocean nutrition,Ocean nutrition,098731250207,160.0,109.0,-2.0,0.0
Red Marine Algae 30g - 10 sheets,Ocean nutrition,Ocean nutrition,0098731250054,250.0,139.0,-1.0,0.0
Red Marine Algae 12g,Ocean nutrition,Ocean nutrition,098731250009,180.0,112.0,0.0,0.0
Ornamental Fish M 105g,Aqua Master,Aqua Master,6925220601216,85.0,60.0,0.0,0.0
Turtle Stick 105g,Aqua Master,Aqua Master,6925220601223,85.0,60.0,0.0,0.0
Cichlid Food M 1000g,Aqua Master,Aqua Master,6925220601025,850.0,566.0,29.0,0.0
Mini fish Granule 15g,Aqua Master,Aqua Master,6925220601209,50.0,33.0,-3.0,0.0
Cichlid Food M 500g,Aqua Master,Aqua Master,6925220601117,500.0,333.0,0.0,0.0
Flower Horn M 500g,Aqua Master,Aqua Master,6925220600912,660.0,467.0,8.0,0.0
Flower Horn M 200g,Aqua Master,Aqua Master,6025220600905,330.0,237.0,2.0,0.0
Red Parrot M 500g,Aqua Master,Aqua Master,6925220600936,660.0,467.0,3.0,0.0
Lámpara Chihiros Amax 60cm,Chihiros,Chihiros,,3300.0,2116.0,1.0,0.0
Lámpara Chihiros Amax 45cm,Chihiros,Chihiros,,2700.0,1752.0,3.0,1.0
Lámpara Chihiros Amax 30cm,Chihiros,Chihiros,,2400.0,2400.0,0.0,0.0
Cloudy Treatment 500ml,AZOO,AZOO,,360.0,250.0,2.0,0.0
Equilibrium 600g,Seachem,Seachem,0000116044301,420.0,285.0,0.0,0.0
KH plus 1000l,Aqua Forest,Aqua Forest,5902026739153,540.0,325.0,-1.0,0.0
Mg Plus Lab 1000ml,Aqua Forest,Aqua Forest,5902026739092,540.0,325.0,3.0,0.0
Ca Plus Lab 1000ml,Aqua Forest,Aqua Forest,5902026739078,540.0,325.0,16.0,0.0
Component C 2L,Aqua Forest,Aqua Forest,5902026732406,920.0,570.0,4.0,0.0
Component B 2L,Aqua Forest,Aqua Forest,5902026732369,920.0,570.0,5.0,0.0
Component B 250ml,Aqua Forest,Aqua Forest,5902026730907,270.0,165.0,2.0,0.0
Component A 2L,Aqua Forest,Aqua Forest,5902026732321,920.0,570.0,5.0,0.0
Component A 250ml,Aqua Forest,Aqua Forest,5902026730891,270.0,165.0,2.0,0.0
Phosphate PO4+ Lab 200ml,Aqua Forest,Aqua Forest,,480.0,289.0,1.0,0.0
Nitrate NO3+ Lab 200ml,Aqua Forest,Aqua Forest,5902026733441,480.0,289.0,6.0,0.0
Iodum Lab 1L,Aqua Forest,Aqua Forest,5902026738989,550.0,331.0,17.0,0.0
AF Reef Salt + 5kg,Aqua Forest,Aqua Forest,5902026733892,680.0,443.0,4.0,0.0
Hybrid Pro Salt 5k,Aqua Forest,Aqua Forest,,715.0,466.0,3.0,0.0
Tanque CO2 20 Libras UNS,UNS,UNS,810004573161,7000.0,4340.0,2.0,0.0
Escondite coco,Only Reptile,Only Reptile,,50.0,50.0,0,0
Escondite resina mediano,Only Reptile,Only Reptile,,100.0,50.0,0.0,0.0
Pogona Gr,Fauna,Fauna,,4500.0,3500.0,0,0
Repti Cooler,ZooMed,ZooMed,0097612950120,1500.0,975.0,0.0,0.0
Reptitemp Digital Thermostat,ZooMed,ZooMed,0097612376005,1150.0,802.0,0.0,0.0
Feeding Tongs 25cm Curvas,ZooMed,ZooMed,0097612622119,160.0,109.0,0.0,0.0
Feeding Tongs 25cm Rectas,ZooMed,ZooMed,0097612622102,160.0,109.0,0.0,0.0
Nano Basking Spot Lamp,ZooMed,ZooMed,,120.0,85.0,0.0,0.0
Nano LED 5w,ZooMed,ZooMed,0097612328059,250.0,180.0,0.0,0.0
Bebedero resina mediano,Only Reptile,Only Reptile,,40.0,25.0,0.0,0.0
Bebedero resina chico,Only Reptile,Only Reptile,,25.0,25.0,0.0,0.0
Reptiles herbivore,Tropical,Tropical,,100.0,100.0,0.0,0.0
Aqua protector Z2,SLAqua,SLAqua,4712928012428,480.0,315.0,0.0,0.0
AC Fish & Reef 2 100g V2O,Alimento congelado,Alimento congelado,812261022208,190.0,158.0,0.0,2.0
AC Fish & Reef 1 100g V20,Alimento congelado,Alimento congelado,812261022109,190.0,158.0,-1.0,0.0
AC Arctic E-Z Pods 100g V2O,Alimento congelado,Alimento congelado,812261022505,250.0,195.0,0.0,2.0
AC Pro Variety Mix V2O,Alimento congelado,Alimento congelado,,470.0,400.0,0.0,0.0
AC Krill Pacifica 250g TMC,Alimento congelado,Alimento congelado,5027656302123,300.0,240.0,0.0,0.0
AC Chunky Squid 113g V2O,Alimento congelado,Alimento congelado,812261021522,180.0,135.0,0.0,0.0
AC Pacifica Krill 100g V2O,Alimento congelado,Alimento congelado,812261021409,200.0,155.0,1.0,2.0
AC Mega Marine 100g Hikari,Alimento congelado,Alimento congelado,042055319201,180.0,135.0,1.0,0.0
AC Reef Caviar 100g V2O,Alimento congelado,Alimento congelado,,200.0,155.0,0.0,0.0
AC Mini Mysis 100g V2O,Alimento congelado,Alimento congelado,812261020105,180.0,130.0,1.0,2.0
AC Marine Fusion 100g V2O,Alimento congelado,Alimento congelado,812261021607,200.0,155.0,0.0,2.0
AC Spirulina Brine 100g V2O,Alimento congelado,Alimento congelado,042055325202,200.0,155.0,2.0,2.0
AC Brine Shrimp 100g Hikari,Alimento congelado,Alimento congelado,042055323208,200.0,158.0,-2.0,2.0
AC Blood Worms 100g Hikari,Alimento congelado,Alimento congelado,042055301206,200.0,112.0,1.0,2.0
AC 50/50 100g V2O,Alimento congelado,Alimento congelado,812261021003,200.0,155.0,0.0,2.0
Neo Mixer L,Aquario,Aquario,8809702871091,560.0,392.0,5.0,0.0
Neo Mixer M,Aquario,Aquario,8809702871107,560.0,392.0,2.0,0.0
Neo Outlet L,Aquario,Aquario,8809702871664,300.0,210.0,2.0,0.0
Neo Outlet M,Aquario,Aquario,8809702871671,300.0,210.0,8.0,0.0
NeoCAP Complex 60 capsules,Aquario,Aquario,8809702871923,220.0,154.0,4.0,0.0
NeoCAP Starter 60 capsules,Aquario,Aquario,8809702871886,220.0,154.0,3.0,0.0
NeoCAP Bacter 60 capsules,Aquario,Aquario,8809702871879,220.0,154.0,2.0,0.0
NeoCAP Accelerator 60 capsules,Aquario,Aquario,8809702871909,220.0,154.0,4.0,0.0
NeoCAP Remover 60 capsules,Aquario,Aquario,8809702871893,220.0,154.0,4.0,0.0
Equilibrium 300g,Seachem,Seachem,,250.0,165.0,-5.0,0.0
Neo V 300ml,Aquario,Aquario,8809702871596,300.0,210.0,4.0,0.0
Neo Guard 300ml,Aquario,Aquario,8809702871572,300.0,210.0,2.0,0.0
Neo Essence 300ml,Aquario,Aquario,8809702871565,300.0,210.0,2.0,0.0
Neo C 300ml,Aquario,Aquario,8809702871589,300.0,210.0,3.0,0.0
Neo Booster Plants 300ml,Aquario,Aquario,8809702871640,300.0,210.0,1.0,0.0
Neo Black 300ml,Aquario,Aquario,8809702871688,300.0,210.0,4.0,0.0
Axolotina Juvenil 120g,Petmmal,Petmmal,,50.0,30.0,-1.0,0.0
Reptiles carnivore,Tropical,Tropical,5900469116241,100.0,100.0,3.0,0.0
Bomba de retorno MDP 15000,Jebao,Jebao,,5850.0,3775.0,2.0,0.0
Bomba de Retorno DCP 2500,Jebao,Jebao,,1500.0,840.0,0.0,0.0
Bomba de Retorno DCP 8500,Jebao,Jebao,,2650.0,1810.0,-1.0,0.0
Caribsea Bimini pink 9kg,CaribSea,CaribSea,008479007964,760.0,480.0,1.0,0.0
Esponja 50x50,General,,,500.0,500.0,0,0
Tortugueta Vegetal 60g,Petmmal,Petmmal,,25.0,18.0,0.0,0.0
Axolotina Mini,Petmmal,Petmmal,,30.0,21.0,-1.0,0.0
Axolotina Juvenil,Petmmal,Petmmal,7502217856782,30.0,21.0,0.0,0.0
Axolotina Adulto,Petmmal,Petmmal,7502217856799,30.0,21.0,-1.0,0.0
Lombriz roja,Alimento vivo,Alimento vivo,,45.0,40.0,-99.0,0.0
Excavator Clay Burrowing Subtrate 20Lb,ZooMed,ZooMed,,600.0,325.0,0.0,0.0
Excavator Clay Burrowing Substrate 10Lb,ZooMed,ZooMed,,450.0,220.0,0.0,0.0
ReptiSand - Natural Red 20Lb,ZooMed,ZooMed,,420.0,300.0,0.0,0.0
ReptiSand - Desert White 10Lb,ZooMed,ZooMed,,240.0,164.0,0.0,0.0
ReptiSand - Desert White 20Lb,ZooMed,ZooMed,,420.0,300.0,0.0,0.0
ReptiSand - Natural Red 10Lb,ZooMed,ZooMed,,240.0,164.0,0.0,0.0
Terrarium Moss 10 Gal,ZooMed,ZooMed,,145.0,101.0,0.0,0.0
Dr. Turtle Slow-Release Calcium Block,ZooMed,ZooMed,,35.0,21.0,3.0,0.0
Zophoba,Alimento vivo,Alimento vivo,,60.0,30.0,0.0,0.0
Tenebrio 100pz,Alimento vivo,Alimento vivo,,30.0,25.0,0.0,0.0
Cucaracha arlequín,Alimento vivo,Alimento vivo,,100.0,130.0,0.0,0.0
Cucaracha dubia,Alimento vivo,Alimento vivo,,75.0,50.0,0.0,0.0
ReptiVite with D3 2oz,ZooMed,ZooMed,097612103625,170.0,90.0,-1.0,0.0
ReptiVite without D3 2oz,ZooMed,ZooMed,0097612103526,140.0,96.0,-6.0,0.0
ReptiCalcium with D3 3oz,ZooMed,ZooMed,0097612134032,130.0,81.0,-2.0,0.0
ReptiCalcium without D3 3oz,ZooMed,ZooMed,,100.0,63.0,-8.0,0.0
Crested Gecko Food - Tropical Fruit (Jar) 4oz,ZooMed,ZooMed,,230.0,165.0,0.0,0.0
Crested Gecko Food - Watermelon (Jar) 4oz,ZooMed,ZooMed,,230.0,165.0,0.0,0.0
Crested Gecko Food - Blueberry (Pouch) 2oz,ZooMed,ZooMed,,110.0,79.0,0.0,0.0
Crested Gecko Food - Plum (Pouch) 2oz,ZooMed,ZooMed,,110.0,79.0,0.0,0.0
ReptiSun 10.0 Compact Fluorescent 13w,ZooMed,ZooMed,0097612340112,550.0,175.0,-6.0,0.0
ReptiSun 10.0 Compact Fluorescent 26w,ZooMed,ZooMed,,850.0,605.0,0.0,0.0
"ReptiSun LED/UVB Fixture 48"" (120cm)",ZooMed,ZooMed,097612320886,6100.0,5530.0,2.0,0.0
"ReptiSun LED/UVB Fixture 36"" (91cm)",ZooMed,ZooMed,097612320879,5320.0,4833.0,-1.0,0.0
"ReptiSun LED/UVB Fixture 30"" (76cm)",ZooMed,ZooMed,097612320879,4000.0,3795.0,0.0,0.0
"ReptiSun LED/UVB Fixture 24""",ZooMed,ZooMed,097612320862,2700.0,2000.0,0.0,0.0
"ReptiSun LED/UVB Fixture 14""",ZooMed,ZooMed,0097612320855,2400.0,1750.0,0.0,0.0
Nano Combo Dome Hold Down Kit,ZooMed,ZooMed,,115.0,82.0,0.0,0.0
Nano Dome Lamp Fixture,ZooMed,ZooMed,0097612322354,430.0,250.0,0.0,0.0
Digital Combo Thermometer/Humidity Gauge,ZooMed,ZooMed,0097612300314,300.0,216.0,-3.0,0.0
Repti Heat Cable 23' (7m),ZooMed,ZooMed,,650.0,452.0,0.0,0.0
Repti Heat Cable 14.75' (4.5m),ZooMed,ZooMed,0097612300253,600.0,429.0,-4.0,0.0
Repti Heat Cable 52' (16m),ZooMed,ZooMed,0097612301502,1550.0,1103.0,-2.0,0.0
Repti Heat Cable 11.5' (3.5m),ZooMed,ZooMed,,500.0,343.0,-1.0,0.0
Repti Heat Cable 39' (12m),ZooMed,ZooMed,,1250.0,878.0,-1.0,0.0
Paludarium 3 in 1 Lamp,ZooMed,ZooMed,0097612370072,930.0,450.0,6.0,0.0
Creatures LED 5w,ZooMed,ZooMed,0097612008050,250.0,181.0,7.0,0.0
Avian calcium 3oz,ZooMed,ZooMed,0097612138030,100.0,71.0,1.0,0.0
Avian plus vitamin & mineral supplement 4oz,ZooMed,ZooMed,02128863,210.0,151.0,4.0,0.0
Apex Pro,Ecotech,Ecotech,,20000.0,16720.0,0.0,0.0
Termohigrometro cuadro grande - Inkbird,Inkbird,Inkbird,,500.0,200.0,1.0,0.0
Controlador de temperatura,General,,,350.0,1.0,0.0,0.0
Ajolote Pardo,Fauna,Fauna,,250.0,200.0,0.0,0.0
Caribsea Bahamas Oolite 4.5kg,CaribSea,CaribSea,008479017932,500.0,300.0,0.0,0.0
Nano tank cubo 17l SA-3716,General,,,1500.0,1150.0,0.0,0.0
Fito 3.8l Fitomix,FitoMix,FitoMix,,1100.0,1100.0,0,0
Caribsea SN Kon Tiki 20lb,CaribSea,CaribSea,,600.0,370.0,0.0,0.0
Caribsea SN Blue Ridge 20lb,CaribSea,CaribSea,,600.0,370.0,0.0,0.0
Caribsea SN Zen Garden 20lb,CaribSea,CaribSea,,600.0,370.0,0.0,0.0
Purple up 8oz,CaribSea,CaribSea,008479085306,350.0,250.0,-1.0,0.0
Purple up 16oz,CaribSea,CaribSea,008479005304,500.0,350.0,0.0,0.0
Caribsea South Seas Flatz,CaribSea,CaribSea,,400.0,244.0,0.0,0.0
Caribsea Fiji pink 18.1kg,CaribSea,CaribSea,0008479000521,1450.0,880.0,-4.0,0.0
Kit Dosing pump Chihiros 4 Canales,Chihiros,Chihiros,,5000.0,3404.0,2.0,0.0
SB 360 + Mueble,Simón Blanco,Simón Blanco,,20000.0,15640.0,0,0
SB 360,Simón Blanco,Simón Blanco,,13500.0,10753.0,0,0
SB 250,Simón Blanco,Simón Blanco,,11400.0,8883.0,0,0
SB 250 + Mueble,Simón Blanco,Simón Blanco,,16500.0,12835.0,0,0
SB 135 + Mueble,Simón Blanco,Simón Blanco,,11300.0,8797.0,0,0
SB 135,Simón Blanco,Simón Blanco,,7000.0,5440.0,0,0
SB 95 + Mueble,Simón Blanco,Simón Blanco,,8000.0,6375.0,0.0,0.0
SB Mini Península + Mueble,Simón Blanco,Simón Blanco,,8000.0,6375.0,0,0
SB 95,Simón Blanco,Simón Blanco,,4950.0,3825.0,0,0
SB 60,Simón Blanco,Simón Blanco,,3800.0,2975.0,0,0
SB 60  + Mueble,Simón Blanco,Simón Blanco,,7000.0,5525.0,0,0
SB 40 + Mueble,Simón Blanco,Simón Blanco,,6000.0,4675.0,0,0
SB-40,Simón Blanco,Simón Blanco,,3200.0,2338.0,1.0,0.0
Supercal LoD 3oz/85g,Repashy,Repashy,0643854996503,150.0,68.0,-8.0,0.0
Bug Burger 6oz/170g,Repashy,Repashy,643854900050,300.0,148.0,0.0,0.0
Supercal HyD 3oz/85g,Repashy,Repashy,0643854996404,150.0,68.0,7.0,0.0
Magnet scraper Large,Bubble magus,Bubble magus,,2400.0,500.0,0.0,0.0
Magnet scraper medium,Bubble magus,Bubble magus,,1200.0,500.0,-1.0,0.0
Pangea GD With Insects 8oz/228g,Pangea,Pangea,0854732004399,540.0,265.0,-7.0,5.0
Pangea GD With Watermelon 8oz/228g,Pangea,Pangea,0854732004108,540.0,265.0,1.0,0.0
Pangea GD Papaya 8oz/228g,Pangea,Pangea,0854732004146,540.0,265.0,13.0,0.0
Pangea GD Apricot 8oz/225g,Pangea,Pangea,0854732004139,540.0,265.0,21.0,5.0
Pangea GD Growth & Breeding 2oz/56g,Pangea,Pangea,0854732004627,310.0,150.0,-1.0,0.0
Pangea GD With Insects 2oz/56g,Pangea,Pangea,0854732004382,275.0,135.0,-10.0,0.0
Pangea GD With Watermelon 2oz/56g,Pangea,Pangea,0854732004252,275.0,135.0,-5.0,0.0
Pangea GD Papaya 2oz/56g,Pangea,Pangea,0854732004269,275.0,135.0,-3.0,10.0
Pangea GT Fruit Mix 2oz/56g,Pangea,Pangea,0854732004290,230.0,115.0,-4.0,10.0
Pangea GD Apricot 2oz/56g,Pangea,Pangea,0854732004191,275.0,135.0,-3.0,5.0
Pangea GD Fig & Insects 2oz/56g,Pangea,Pangea,0854732004931,275.0,135.0,-8.0,10.0
Magnetic light + base + glass pot,Chihiros,Chihiros,,2600.0,1860.0,0.0,0.0
Tiny terrarium egg chihiros,Chihiros,Chihiros,,1600.0,1346.0,4.0,0.0
Terrario horizontal vidrio 40x80x45,Mayas,Mayas,,2600.0,1650.0,-3.0,0.0
Terrario vertical vidrio 70x40x40,Mayas,Mayas,,2400.0,1650.0,-4.0,0.0
Terrario acrilico closet (20x10x10cm),Only Reptile,Only Reptile,,350.0,1000.0,-28.0,0.0
Terrario acrilico cubo (15x15x15cm),Only Reptile,Only Reptile,,400.0,1000.0,0,0
Nano Tank Bala 13L SA-3678,General,,,1850.0,1360.0,3.0,0.0
WRGB hanging rope kits slim,Chihiros,Chihiros,,460.0,320.0,1.0,0.0
WRGB hanging rope kits pro,Chihiros,Chihiros,,480.0,320.0,0.0,1.0
Bomba de retorno DCP 10000,Jebao,Jebao,,3200.0,2086.0,3.0,0.0
Bomba de retorno DCP 6500,Jebao,Jebao,,2300.0,1650.0,-1.0,0.0
Fito 250ml Fitomix,FitoMix,FitoMix,,90.0,50.0,0,0
Bomba de retorno DCP 3500,Jebao,Jebao,,1800.0,1195.0,1.0,0.0
Generador de olas SCP50,Jebao,Jebao,,1300.0,900.0,0.0,0.0
EarthPro-A 350g,Arcadia,Arcadia,,680.0,571.0,0.0,0.0
Reef fusion 1 1l,Seachem,Seachem,0000116120708,465.0,310.0,2.0,0.0
Clarity 500ml,Seachem,Seachem,0000116014304,500.0,355.0,-3.0,0.0
Carbon plus 500ml,AZOO,AZOO,,375.0,250.0,1.0,0.0
Cama natural 2.5kg,General,,,120.0,85.0,2.0,0.0
Tortugueta vegetal 120g,Petmmal,Petmmal,,35.0,26.0,1.0,0.0
Bacter amazonia 1l,Lab Reef,Lab Reef,,1150.0,700.0,-1.0,0.0
Bacter amazonia 500ml,Lab Reef,Lab Reef,,700.0,400.0,2.0,0.0
Tropic Marine Pro Reef salt 4kg,Tropic Marine,Tropic Marine,0619106105245,400.0,285.0,23.0,0.0
Fito Ciano 500ml Fitomix,FitoMix,FitoMix,,160.0,90.0,0,0
Sistema de lluvia silencioso,Sistema de Lluvia,Sistema de Lluvia,,1600.0,750.0,-6.0,0.0
Advanced Soil Plants 3L,Help,Help,4560191492351,380.0,235.0,-69.0,0.0
Tropic Marine Classic Sea salt 4kg,Tropic Marine,Tropic Marine,0619106101247,380.0,288.0,-2.0,0.0
Tropic Marine Synbiotic sea salt 4kg,Tropic Marine,Tropic Marine,0619106104040,485.0,370.0,8.0,0.0
Tropic Marine Bioactif 4kg,Tropic Marine,Tropic Marine,0619106103043,430.0,317.0,1.0,0.0
Termómetro Resun,Resun,Resun,6933163307713,25.0,16.0,-1.0,0.0
Carga co2,Genérico,Genérico,,300.0,300.0,0,0
Chihiros Wifi Hub,Chihiros,Chihiros,,620.0,440.0,1.0,0.0
Supercal MeD 3oz/85g,Repashy,Repashy,0643854996602,150.0,68.0,1.0,0.0
Bug Burger 3oz/85g,Repashy,Repashy,643854995407,200.0,90.0,14.0,0.0
Mulberry madness 6oz/170g,Repashy,Repashy,0643854999214,350.0,205.0,11.0,0.0
Grassland Grazer 6oz/170g,Repashy,Repashy,0643854902801,350.0,205.0,10.0,0.0
Axolotl sticks 135g,Tropical,Tropical,5900469116142,130.0,100.0,126.0,0.0
Magical,Genérico,Genérico,,250.0,42.0,64.0,0.0
Reactor PR100,Coral Box,Coral Box,,2300.0,1620.0,1.0,0.0
Reactor alga Chaeto 400l,Coral Box,Coral Box,,6850.0,4860.0,1.0,0.0
Skimmer DSCQ-90,RedStarfish,RedStarfish,,2250.0,1580.0,0.0,0.0
Bomba de retorno DCP 15000M,Jebao,Jebao,,5100.0,3600.0,0.0,0.0
Ajolote Golden Mediano,Fauna,Fauna,,850.0,400.0,0.0,0.0
Gusano de la ceda - Envase de 250ml,Alimento vivo,Alimento vivo,,30.0,15.0,0.0,0.0
Hornworm - Gusano azul,Alimento vivo,Alimento vivo,,250.0,140.0,0.0,0.0
Brazo prime rigido,Aqua Illumination,Aqua Illumination,,1200.0,577.0,-2.0,0.0
Shade CII,Chihiros,Chihiros,,480.0,260.0,1.0,0.0
Skimmer Red devil streamline DSL-850,RED DEVIL,RED DEVIL,9580527100212,6000.0,3970.0,1.0,0.0
All For Reef Pulver 800gr,Tropic Marine,Tropic Marine,0619106267523,650.0,498.0,-65.0,2.0
Elimi-phos Rapid 500ml,Tropic Marine,Tropic Marine,0619106253540,330.0,244.0,-11.0,0.0
Phos start 75g,Tropic Marine,Tropic Marine,0619106244623,360.0,274.0,7.0,0.0
Superfly 105oz/3kg,Repashy,Repashy,0643854995131,1400.0,775.0,-6.0,0.0
Beardie Buffet 6oz/170g,Repashy,Repashy,0643854999344,350.0,304.0,13.0,0.0
Musgo Sphagnum 12L,Planta,Planta,,400.0,160.0,-21.0,0.0
Isfly 1000g,Culivos,Culivos,,1200.0,800.0,0.0,0.0
Isfly 500g,Culivos,Culivos,,600.0,400.0,0.0,0.0
Corcho General,Planta,Planta,,100.0,100.0,0.0,0.0
Corcho Placa 30X30cm,Planta,Planta,,350.0,350.0,0.0,0.0
Corcho Placa 30x90cm,Planta,Planta,,950.0,950.0,0.0,0.0
Plantas,Planta,Planta,,150.0,150.0,0.0,0.0
Pogona Ch,Fauna,Fauna,,1600.0,3500.0,0.0,0.0
Ajolote leucistico,Fauna,Fauna,,380.0,200.0,0.0,0.0
Gecko de Día G,Fauna,Fauna,,3500.0,1000.0,0.0,0.0
Gecko Leopardo,Fauna,Fauna,,1200.0,800.0,0.0,0.0
Camaleon Pantera,Fauna,Fauna,,8000.0,8000.0,0.0,0.0
Camaleon Jackson cría,Fauna,Fauna,,1800.0,1400.0,0.0,0.0
Camaleon de Jackson M,Fauna,Fauna,,3500.0,3500.0,0.0,0.0
Camaleon de velo M G,Fauna,Fauna,,4000.0,3500.0,0.0,0.0
Camaleon casco,Fauna,Fauna,,2000.0,1800.0,0.0,0.0
Camaleon velo CH,Fauna,Fauna,,1200.0,500.0,0.0,0.0
Arcilla expandida,Only Reptile,Only Reptile,,80.0,80.0,0.0,0.0
Terrario acrilico grande (40x30x30cm),Only Reptile,Only Reptile,,1800.0,2000.0,0.0,0.0
Terrario acrilico chico (20x20x30 cm),Only Reptile,Only Reptile,,800.0,600.0,-14.0,0.0
Termohigrometro cuadro - Xiaomi,Xiaomi,Xiaomi,6934177714139,160.0,100.0,-4.0,0.0
Treatment Cal 60g,Terraria,Terraria,7503035326020,200.0,110.0,-1.0,0.0
Meat Booster 60g,Terraria,Terraria,7503035326105,200.0,110.0,7.0,0.0
Lizard Insectivore Pie 60g,Terraria,Terraria,7500464437747,200.0,110.0,-4.0,0.0
Insect Booster 60g,Terraria,Terraria,7503035326099,200.0,110.0,-6.0,0.0
Herbivore Salad Power 60g,Terraria,Terraria,7500464437723,200.0,110.0,1.0,0.0
Gecko Fruit Mix Tasty Pineapple 60g,Terraria,Terraria,7503035326037,200.0,110.0,-1.0,0.0
Gecko Fruit Mix Tasty Mango 60g,Terraria,Terraria,7500464437761,200.0,110.0,-15.0,0.0
Fruit Booster 60g,Terraria,Terraria,,200.0,110.0,-4.0,0.0
Fiber Booster 60g,Terraria,Terraria,,200.0,110.0,-10.0,0.0
Feeder Gut Load 60g,Terraria,Terraria,7500464437730,200.0,110.0,4.0,0.0
Calcium Pro 60g,Terraria,Terraria,7500464437709,200.0,110.0,-11.0,0.0
Calcium Pollen 60g,Terraria,Terraria,7500464437716,200.0,110.0,-18.0,0.0
Calcium Mint & Pollen 60g,Terraria,Terraria,7503035326006,200.0,110.0,6.0,0.0
Calcium Gold 60g,Terraria,Terraria,7503035326082,200.0,110.0,-12.0,0.0
Calcium Basic 60g,Terraria,Terraria,7500464437754,200.0,110.0,-4.0,0.0
Calcium Anura 60g,Terraria,Terraria,7500464437792,200.0,110.0,-6.0,0.0
Portavaso 700ml - Mosca - Acrílico,Genérico,Genérico,,210.0,130.0,0.0,0.0
Portavaso 250ml - Grillo alfiler - Acrílico,Genérico,Genérico,,180.0,120.0,0.0,0.0
Portavaso 1L - Grillo - Acrílico,Genérico,Genérico,,250.0,140.0,0.0,0.0
Vitamin A Plus 3oz/85g,Repashy,Repashy,0643854997807,250.0,135.0,2.0,0.0
Veggie Burger 6oz/170g,Repashy,Repashy,0643854902900,350.0,205.0,1.0,0.0
Veggie Burger 3oz/85g,Repashy,Repashy,0643854903501,250.0,135.0,3.0,0.0
Veggie Burger 12oz/340g,Repashy,Repashy,0643854996695,500.0,359.0,0.0,0.0
Supervite 3oz/85g,Repashy,Repashy,643854997708,180.0,113.0,-8.0,0.0
Superveggie 6oz/170g,Repashy,Repashy,0643854900852,350.0,205.0,14.0,0.0
Superveggie 3oz/85g,Repashy,Repashy,0643854995209,250.0,135.0,29.0,0.0
Superveggie 12oz/340g,Repashy,Repashy,0643854996596,500.0,359.0,0.0,0.0
Superhatch 6oz/170g,Repashy,Repashy,0643854901002,100.0,68.0,1.0,0.0
Superhatch 5.5Lb/2.5kg,Repashy,Repashy,0643854996527,450.0,259.0,-1.0,0.0
Supercal NoD 3oz/85g,Repashy,Repashy,0643854996701,150.0,75.0,-62.0,0.0
Supercal NoD 17oz/500g,Repashy,Repashy,0643854906794,300.0,216.0,2.0,0.0
Supercal HyD 17.6oz/500g,Repashy,Repashy,0643854996312,300.0,215.0,0.0,0.0
Mulberry madness 3oz/85g,Repashy,Repashy,0643854999207,250.0,135.0,-11.0,0.0
Meat pie v2 (w/chicken) 6oz/170g,Repashy,Repashy,0643854900609,350.0,205.0,2.0,0.0
Meat pie v2 (w/chicken) 3oz/85g,Repashy,Repashy,0643854997906,250.0,135.0,15.0,0.0
Meat pie v2 (w/chicken) 12oz/340g,Repashy,Repashy,0643854995988,590.0,350.0,0.0,0.0
Mango superblend 12oz/340g,Repashy,Repashy,0643854995520,500.0,359.0,1.0,0.0
Grubs 'n' fruits 3oz/85g,Repashy,Repashy,0643854902702,260.0,145.0,10.0,0.0
Grub pie 6oz/175g,Repashy,Repashy,0643854996886,350.0,205.0,19.0,0.0
Grub pie 3oz/85g,Repashy,Repashy,0643854996879,250.0,135.0,22.0,0.0
Grub pie 12oz/340g,Repashy,Repashy,0643854996893,500.0,359.0,0.0,0.0
Grassland Grazer 3oz/85g,Repashy,Repashy,0643854903204,250.0,135.0,27.0,0.0
Grassland Grazer 12oz/340g,Repashy,Repashy,0643854995841,500.0,359.0,0.0,0.0
Formic-Cal Plus 3oz/85g,Repashy,Repashy,0643854996909,250.0,135.0,0.0,0.0
Crested Gecko MRP 3oz/85g,Repashy,Repashy,0643854905100,250.0,136.0,21.0,0.0
Crested gecko Classic 6oz/170g,Repashy,Repashy,0643854902306,350.0,204.0,10.0,0.0
Chicken Pot Pie 3oz/85g,Repashy,Repashy,643854999290,250.0,135.0,1.0,0.0
Chicken pot pie 12oz/340g,Repashy,Repashy,0643854999429,500.0,340.0,0.0,0.0
Cherry boom 12oz/340g,Repashy,Repashy,0643854999504,500.0,359.0,1.0,0.0
Calcium plus LoD 3oz/85g,Repashy,Repashy,0643854902108,250.0,130.0,-23.0,0.0
Calcium plus 6oz/170g,Repashy,Repashy,0643854900302,350.0,195.0,-6.0,0.0
Calcium Plus 3oz/85g,Repashy,Repashy,0643854995308,250.0,130.0,-117.0,0.0
Calcium plus 105oz/3kg,Repashy,Repashy,0643854995230,2400.0,1460.0,-1.0,0.0
Calcium plus 17.6oz/500g,Repashy,Repashy,0643854995148,600.0,367.0,2.0,0.0
Bug Burger 12oz/340g,Repashy,Repashy,,400.0,220.0,0.0,0.0
Bluey Buffet 3oz/85g,Repashy,Repashy,0643854997081,250.0,135.0,0.0,0.0
Beardie Buffet 3oz/85g,Repashy,Repashy,0643854999306,250.0,135.0,25.0,0.0
Banana Cream Pie 6oz/170g,Repashy,Repashy,0643854997197,380.0,205.0,14.0,0.0
Banana Cream Pie 12oz/340g,Repashy,Repashy,0643854999009,600.0,359.0,0.0,0.0
Termohigrometro circulo - Xiaomi,Qingping,Qingping,6974046710305,350.0,185.0,25.0,0.0
Tierra negra granel - Litro,Only Reptile,Only Reptile,,15.0,5.0,0.0,0.0
Tezontle granel - Litro,Only Reptile,Only Reptile,,35.0,4.0,0.0,0.0
Vermiculita 500g,Petmmal,Petmmal,,130.0,91.0,-4.0,0.0
Revipet 50g,Petmmal,Petmmal,,100.0,53.0,0.0,0.0
Recalpet 50g,Petmmal,Petmmal,,70.0,38.0,0.0,0.0
Ratón sub-adulto,Petmmal,Petmmal,,22.0,19.0,-1.0,0.0
Ratón pelusa (fuzzy) congelado,Petmmal,Petmmal,,19.0,17.0,-10.0,0.0
Ratón neonato (pinky) congelado,Petmmal,Petmmal,,19.0,17.0,0.0,0.0
Ratón adulto,Petmmal,Petmmal,,31.0,27.0,0.0,0.0
Placa Térmica 8x26cm,Petmmal,Petmmal,7502217850810,280.0,148.0,-10.0,0.0
Placa Térmica 8x14cm,Petmmal,Petmmal,7502217851756,250.0,180.0,-16.0,0.0
Placa Térmica 36x26cm,Petmmal,Petmmal,7502217850834,380.0,207.0,-31.0,0.0
Placa Térmica 36x14,Petmmal,Petmmal,7502217851770,350.0,177.0,-18.0,0.0
Placa Térmica 18x26cm,Petmmal,Petmmal,7502217850827,290.0,186.0,-29.0,0.0
Placa Térmica 18x14,Petmmal,Petmmal,7502217851763,270.0,190.0,-26.0,0.0
Peat-moss 700g,Petmmal,Petmmal,,60.0,34.0,-128.0,0.0
Mezcla especial para tarantulas y otros aracnidos,Petmmal,Petmmal,,80.0,54.0,-58.0,0.0
Hojarasca 200g,Petmmal,Petmmal,,60.0,20.0,-75.0,0.0
Fibra de coco mixta 600g,Petmmal,Petmmal,,60.0,30.0,-107.0,0.0
Corteza de arbol mediana 1kg,Petmmal,Petmmal,,60.0,30.0,-46.0,0.0
Corteza de arbol grande 1kg,Petmmal,Petmmal,,60.0,30.0,-14.0,0.0
Corteza de arbol fina 1kg,Petmmal,Petmmal,,60.0,30.0,-18.0,0.0
Corteza de arbol extra fina 1kg,Petmmal,Petmmal,,60.0,30.0,-13.0,0.0
Campana 21cm - Portalamparas para iluminación y calefacción,Petmmal,Petmmal,7502217852609,400.0,243.0,-8.0,0.0
Campana 16cm - Portalamparas para iluminación y calefacción,Petmmal,Petmmal,7502217852364,350.0,238.0,-32.0,0.0
Campana 10cm - Portalamparas para iluminación y calefacción,Petmmal,Petmmal,7502217852289,300.0,201.0,-41.0,0.0
Cama Natural 5kg,Petmmal,Petmmal,,192.0,150.0,0.0,0.0
Agrolita 500g,Petmmal,Petmmal,,55.0,27.0,0.0,0.0
Monkey pod,Pangea,Pangea,,250.0,80.0,0.0,0.0
Dark nut pod,Pangea,Pangea,,250.0,60.0,0.0,0.0
Mayan Pod,Pangea,Pangea,,400.0,120.0,0.0,0.0
Sustrato para plantas granel - Litro,Only Reptile,Only Reptile,,35.0,13.0,0.0,0.0
Mosca de la fruta,Alimento vivo,Alimento vivo,,100.0,50.0,0.0,0.0
Micro grillo,Alimento vivo,Alimento vivo,,30.0,18.0,0.0,0.0
Grillo cabeza de clavo,Alimento vivo,Alimento vivo,,30.0,18.0,0.0,0.0
Grillo cabeza de alfiler,Alimento vivo,Alimento vivo,,30.0,18.0,0.0,0.0
Grillo,Alimento vivo,Alimento vivo,,30.0,18.0,0.0,0.0
Cucaracha Lobster,Alimento vivo,Alimento vivo,,40.0,20.0,0.0,0.0
Colembolo Grande,Alimento vivo,Alimento vivo,,80.0,10.0,0.0,0.0
UV Sensor,Nomoy Pet Reptile,Nomoy Pet Reptile,,75.0,50.0,0.0,0.0
Pinzas de plástico,Nomoy Pet Reptile,Nomoy Pet Reptile,,100.0,60.0,0.0,0.0
Hanging Food Bowl grande,Nomoy Pet Reptile,Nomoy Pet Reptile,,150.0,80.0,0.0,0.0
Hanging Food Bowl chico,Nomoy Pet Reptile,Nomoy Pet Reptile,,130.0,70.0,0.0,0.0
MistKing Starter,MistKing,MistKing,0810642000593,4700.0,4700.0,0.0,0.0
Tucán - ZuLiFe Soft bill diet 550g,Mazuri,Mazuri,7503013897283,360.0,273.0,0.0,0.0
Tortuga terrestre - Tortoise diet 600g,Mazuri,Mazuri,7503013897245,270.0,204.0,0.0,0.0
Tortuga acuatica 450g,Mazuri,Mazuri,7503013897238,270.0,208.0,0.0,0.0
Roedor - Rodent diet 650g,Mazuri,Mazuri,,110.0,86.0,0.0,0.0
Pogona - Insectivore diet 500g,Mazuri,Mazuri,,210.0,150.0,0.0,0.0
Pequeños reptiles - Small Herbivorous Reptile LS diet 450g,Mazuri,Mazuri,7503013897276,160.0,120.0,0.0,0.0
Iguana diet 450g,Mazuri,Mazuri,01449266,170.0,130.0,0.0,0.0
Hurón - Ferret diet 1kg,Mazuri,Mazuri,7503013897016,350.0,270.0,0.0,0.0
Erizo - Hedgehog diet 950g,Mazuri,Mazuri,7503013897306,340.0,263.0,0.0,0.0
Cuyo Ginea Pig Diet 1.3kg,Mazuri,Mazuri,7503013897207,200.0,150.0,0.0,0.0
Conejo - Rabbit diet 1.3kg,Mazuri,Mazuri,7503013897313,175.0,133.0,0.0,0.0
Cocodrilo - Cocodrillian diet 900g,Mazuri,Mazuri,7503013897368,280.0,199.0,-1.0,0.0
Chinchilla diet 1.3kg,Mazuri,Mazuri,7503013897351,210.0,160.0,0.0,0.0
Aves pequeñas - Small bird diet 350g,Mazuri,Mazuri,7503013897269,135.0,100.0,0.0,0.0
Aves grandes - Large bird diet 650g,Mazuri,Mazuri,7503013897252,220.0,165.0,0.0,0.0
Terrario vertical vidrio 80x40x40,Mayas,Mayas,,2600.0,1650.0,-8.0,0.0
Terrario vertical vidrio 60x40x40,Mayas,Mayas,,2400.0,1650.0,-1.0,0.0
Terrario cubo vidrio 40x40x40,Mayas,Mayas,,2200.0,1550.0,0.0,0.0
Terrario horizontal vidrio 35x60x35,Mayas,Mayas,,2400.0,1650.0,4.0,0.0
Peat-moss granel,Hydro enviroment,Hydro enviroment,,20.0,4.0,0.0,0.0
Fibra de coco 50-50 granel - Litro,Hydro enviroment,Hydro enviroment,,15.0,1.5,0.0,0.0
Agrolita granel - Litro,Hydro enviroment,Hydro enviroment,,15.0,5.15,0.0,0.0
Termohigrómetro con sonda,Genérico,Genérico,,180.0,81.0,3.0,0.0
Smart Socket,Genérico,Genérico,9888010000001,250.0,160.0,8.0,0.0
Pinzas curvas,Genérico,Genérico,,150.0,25.0,-26.0,0.0
Manguera para sistema de llluvia,Sistema de Lluvia,Sistema de Lluvia,,25.0,25.0,0.0,0.0
Incubadora,Only Reptile,Only Reptile,,250.0,120.0,2.0,0.0
Humidificadores,Sistema de Lluvia,Sistema de Lluvia,,380.0,250.0,17.0,0.0
Humidificador Grande,Genérico,Genérico,,1500.0,819.0,0.0,0.0
Gancho herpetológico Gde,Only Reptile,Only Reptile,,270.0,130.0,4.0,0.0
Fuente/Bebedero para reptiles,Only Reptile,Only Reptile,6975444400089,900.0,550.0,1.0,0.0
Comedero con ventosa,Only Reptile,Only Reptile,,150.0,70.0,0.0,0.0
Comedero con imán,Only Reptile,Only Reptile,,300.0,190.0,0.0,0.0
Boquilla una salida,Sistema de Lluvia,Sistema de Lluvia,,140.0,55.0,-10.0,0.0
Boquilla dos salidas,Sistema de Lluvia,Sistema de Lluvia,,200.0,80.0,-12.0,0.0
Boquilla 4 salidas,Sistema de Lluvia,Sistema de Lluvia,,350.0,125.0,4.0,0.0
Boquilla 3 salidas,Sistema de Lluvia,Sistema de Lluvia,,280.0,100.0,0.0,0.0
Bomba/eliminador sistema de lluvia,Sistema de Lluvia,Sistema de Lluvia,,1500.0,700.0,0.0,0.0
Tree Moss,Exotic's,Exotic's,,60.0,44.08,0.0,0.0
Ceramic Hot 100w,Exotic's,Exotic's,,330.0,252.88,-1.0,0.0
Ceramic Hot 75w,Exotic's,Exotic's,,308.0,230.84,0.0,0.0
Ceramic Hot 50w,Exotic's,Exotic's,,286.0,208.8,0.0,0.0
Daylight Basking Spot 50w,Exoterra,Exoterra,0015561221313,150.0,119.0,-32.0,0.0
Daylight Basking Spot 100w,Exoterra,Exoterra,0015561221337,190.0,159.0,-46.0,0.0
Reptile UVB 150 26W,Exoterra,Exoterra,0015561221894,420.0,339.0,-25.0,0.0
Reptile UVB 150 13W,Exoterra,Exoterra,0015561221887,380.0,317.0,5.0,0.0
Reptile UVB 100 26w,Exoterra,Exoterra,0015561221870,420.0,285.0,-79.0,0.0
Reptile UVB 100 13w,Exoterra,Exoterra,0015561221863,380.0,255.0,-55.0,0.0
Night Heat Lamp 75w,Exoterra,Exoterra,0015561221306,100.0,80.0,-33.0,0.0
Night Heat Lamp 50w,Exoterra,Exoterra,0015561221269,100.0,84.0,107.0,0.0
Night Heat Lamp 40w,Exoterra,Exoterra,0015561221245,100.0,84.0,102.0,0.0
Night Heat Lamp 25w,Exoterra,Exoterra,0015561221221,100.0,84.0,1.0,0.0
Night Heat Lamp 15w,Exoterra,Exoterra,0015561221207,100.0,84.0,3.0,0.0
Natural Light 26w,Exoterra,Exoterra,0015561221917,420.0,271.2,10.0,0.0
Natural Light 13w,Exoterra,Exoterra,0015561221900,380.0,253.6,-2.0,0.0
Intense Basking Spot 75w,Exoterra,Exoterra,,100.0,77.0,-1.0,0.0
Intense Basking Spot 50w,Exoterra,Exoterra,,90.0,77.0,-25.0,0.0
Intense Basking Spot 100w,Exoterra,Exoterra,,120.0,102.0,-5.0,0.0
Infrared Basking Spot 75w,Exoterra,Exoterra,0015561221429,190.0,126.0,-14.0,0.0
Infrared Basking Spot 50w,Exoterra,Exoterra,0015561221412,180.0,126.0,-19.0,0.0
Infrared Basking Spot 100w,Exoterra,Exoterra,0015561221443,200.0,128.0,1.0,0.0
DayTime Heat Lamp 40W,Exoterra,Exoterra,0015561221047,130.0,74.0,0.0,0.0
DayTime Heat Lamp 15w,Exoterra,Exoterra,0015561221009,110.0,74.0,1.0,0.0
DayTime Heat Lamp 150w,Exoterra,Exoterra,0015561221146,160.0,85.0,1.0,0.0
DayTime Heat Lamp 100w,Exoterra,Exoterra,0015561221122,150.0,85.0,5.0,0.0
Daylight Basking Spot 75w,Exoterra,Exoterra,0015561221320,170.0,89.0,16.0,0.0
Guata planchada 50x50,Dymax,Dymax,,40.0,25.0,0.0,0.0
UVB + UVA 75w,Boshi,Boshi,,140.0,60.0,0.0,0.0
UVB + UVA 50w,Boshi,Boshi,,120.0,50.0,0.0,0.0
UVB + UVA 25w,Boshi,Boshi,,100.0,45.0,6.0,0.0
Pez,Fauna,Fauna,,35.0,35.0,0,0
Formula two pellets S 400g,Ocean nutrition,Ocean nutrition,098731092449,600.0,381.0,1.0,0.0
Lentes para Corales,Reefers,Reefers,,400.0,115.0,8.0,0.0
WRGB2 30 cm,Chihiros,Chihiros,,3600.0,2658.0,0.0,0.0
WRGB2 45 cm,Chihiros,Chihiros,,3900.0,2192.0,0.0,0.0
WRGB2 60 cm,Chihiros,Chihiros,,6500.0,4900.0,1.0,0.0
WRGB2 90cm,Chihiros,Chihiros,,7400.0,5472.0,-3.0,0.0
WRGB2 120cm,Chihiros,Chihiros,,9600.0,7064.0,0.0,0.0
BRS Super Glue 10oz - Gel Extra Thick,Bulk Reef Suply,Bulk Reef Suply,850000695016,999.0,586.0,-6.0,0.0
SeaVeggies Red 30g,Two Little Fishies,Two Little Fishies,748172503027,280.0,180.0,-3.0,0.0
SeaVeggies Green 30g,Two Little Fishies,Two Little Fishies,,280.0,175.0,3.0,0.0
Prime Freshwater 16HD,Aqua Illumination,Aqua Illumination,,4000.0,3000.0,0.0,0.0
Válvula CO2,ZRDR,ZRDR,,1300.0,1000.0,0.0,0.0
Costalito Purigen,ZooMania,ZooMania,,25.0,15.0,7.0,0.0
Rebosadero acrílico M,Zar del LED,Zar del LED,,300.0,110.0,-7.0,0.0
Rebosadero acrílico G,Zar del LED,Zar del LED,,500.0,150.0,-4.0,0.0
TDS Xiaomi,Xiaomi,Xiaomi,,350.0,215.0,11.0,0.0
Vinil negro por metro,Vinil,Vinil,,80.0,30.0,0.0,0.0
New vision mini 68g,V2O foods,V2O foods,812261024165,300.0,230.0,1.0,0.0
Vibrant 8oz,Underwater,Underwater,691852737017,650.0,450.0,-1.0,0.0
Vibrant 16oz,Underwater,Underwater,691852737048,1200.0,860.0,1.0,0.0
Purge 16oz,Underwater,Underwater,703856875470,1300.0,1080.0,2.0,0.0
Regulador co2 pro,UNS,UNS,0851302008955,5250.0,3675.0,1.0,0.0
Liquid iron 500 ml,UNS,UNS,,490.0,175.0,5.0,0.0
Magnetic VeggieMag,Two Little Fishies,Two Little Fishies,748172507209,550.0,295.0,1.0,0.0
TLF Roca stax granel,Two Little Fishies,Two Little Fishies,,300.0,180.0,0.0,0.0
TLF Roca stax caja de 9.1kg,Two Little Fishies,Two Little Fishies,,2700.0,1800.0,5.0,0.0
Stix Stone 2.2k,Two Little Fishies,Two Little Fishies,,750.0,445.0,0.0,0.0
SeaVeggies Purple 30g,Two Little Fishies,Two Little Fishies,748172501023,260.0,166.0,3.0,0.0
SeaVeggies Green 12g,Two Little Fishies,Two Little Fishies,748172505526,200.0,120.0,1.0,0.0
Revive 500ml,Two Little Fishies,Two Little Fishies,748172422120,300.0,160.0,8.0,0.0
ReMag 1kg,Two Little Fishies,Two Little Fishies,748172402245,700.0,559.0,2.0,0.0
ReBorn 4kg,Two Little Fishies,Two Little Fishies,748172402238,1150.0,871.0,1.0,0.0
Phosban reactor 550,Two Little Fishies,Two Little Fishies,748172425503,2200.0,1350.0,0.0,0.0
Phosban reactor 150,Two Little Fishies,Two Little Fishies,0748172422922,1500.0,1174.0,1.0,0.0
NPX Bioplastics 400ml,Two Little Fishies,Two Little Fishies,748172422410,700.0,459.0,2.0,0.0
NPX Bioplastics 200ml,Two Little Fishies,Two Little Fishies,748172422403,360.0,236.0,2.0,0.0
NPX Bioplastics 1l,Two Little Fishies,Two Little Fishies,748172422458,1400.0,1081.0,1.0,0.0
Marine Snow 500ml,Two Little Fishies,Two Little Fishies,748172466025,380.0,255.0,0.0,0.0
Marine Snow 250ml,Two Little Fishies,Two Little Fishies,748172466223,275.0,200.0,0.0,0.0
Hydrocarbon 4l,Two Little Fishies,Two Little Fishies,,1400.0,700.0,0.0,0.0
Hydrocarbon 1l,Two Little Fishies,Two Little Fishies,748172422021,500.0,250.0,0.0,0.0
Esponja phosban 150,Two Little Fishies,Two Little Fishies,748172549520,150.0,120.0,-3.0,0.0
Coraffix 56.7g,Two Little Fishies,Two Little Fishies,0748172440827,350.0,234.0,0.0,0.0
Coraffix 295ml,Two Little Fishies,Two Little Fishies,0748172441039,1300.0,924.0,-2.0,0.0
Clip para alga,Two Little Fishies,Two Little Fishies,748172507520,80.0,50.0,-2.0,0.0
AquaStik Coralline Red 2oz,Two Little Fishies,Two Little Fishies,748172440223,260.0,199.0,0.0,0.0
AquaStik Grey 4oz,Two Little Fishies,Two Little Fishies,748172440629,360.0,254.0,0.0,0.0
AcroPower 500ml,Two Little Fishies,Two Little Fishies,74817500569,460.0,382.0,1.0,0.0
AcroPower 1L,Two Little Fishies,Two Little Fishies,748172500576,950.0,552.0,0.0,0.0
Lampara Twinstar S 60cm,Twinstar,Twinstar,8809417578766,6900.0,4830.0,2.0,0.0
Lampara Twinstar S 45cm,Twinstar,Twinstar,8809417578759,5300.0,3710.0,2.0,0.0
Lampara Twinstar Nano,Twinstar,Twinstar,8809417578025,4750.0,3325.0,1.0,0.0
Lampara Twinstar E3 30cm,Twinstar,Twinstar,,3350.0,2345.0,2.0,0.0
Lampara Twinstar E2 30cm,Twinstar,Twinstar,8809417578353,3500.0,2450.0,0.0,0.0
Spirulina 140g,Tropical,Tropical,5900469605448,315.0,223.0,2.0,0.0
Discus gran D50 plus baby 130g,Tropical,Tropical,5900469606742,220.0,160.0,21.0,0.0
Discus gran D50 plus 44g,Tropical,Tropical,5900469616130,85.0,60.0,25.0,0.0
Tropic Marine Synbiotic sea salt 25kg,Tropic Marine,Tropic Marine,619106104255,2450.0,1876.0,1.0,0.0
Tropic Marine Synbiotic sea salt 10kg - 300L,Tropic Marine,Tropic Marine,6191061041011,1225.0,942.0,-10.0,0.0
Tropic Marine Pro Reef salt 25kg,Tropic Marine,Tropic Marine,0619106105818,2290.0,1760.0,-39.0,3.0
Tropic Marine Bioactif 30kg,Tropic Marine,Tropic Marine,,2690.0,2070.0,5.0,0.0
Tropic Marine Bioactif 25kg,Tropic Marine,Tropic Marine,619106103258,2350.0,1804.0,2.0,0.0
Tropic Marine Bioactif 10kg - 300,Tropic Marine,Tropic Marine,619106103104,1180.0,906.0,3.0,0.0
Tropic Marine Classic Sea salt 25kg,Tropic Marine,Tropic Marine,619106101346,2150.0,1650.0,-2.0,0.0
Reef Actif 60g,Tropic Marine,Tropic Marine,0619106247020,280.0,186.0,5.0,0.0
Original balling liquid set A-B-C 3 1L,Tropic Marine,Tropic Marine,0619106265048,800.0,559.0,15.0,0.0
NP-Bacto pellets 500ml,Tropic Marine,Tropic Marine,0619106257029,610.0,469.0,13.0,0.0
Elimi-NP 50ml,Tropic Marine,Tropic Marine,0619106244227,130.0,63.0,3.0,0.0
Compact Lab,Tropic Marine,Tropic Marine,0619106285008,1500.0,1040.0,0.0,0.0
Carbon Tropic Marine 400g,Tropic Marine,Tropic Marine,619106256046,300.0,188.0,19.0,0.0
Carbocalcium powder 700g,Tropic Marine,Tropic Marine,0619106262528,350.0,235.0,3.0,0.0
Carbocalcium powder 1400g,Tropic Marine,Tropic Marine,0619106262542,600.0,300.0,-1.0,0.0
Tubi cubi 10g,Tropical,Tropical,5900469011331,80.0,59.0,104.0,0.0
TetraMarine Hojuelas 160g,Tetra,Tetra,046798162490,270.0,194.0,-21.0,0.0
Tetra color granulado 300g,Tetra,Tetra,046798162629,280.0,216.0,-7.0,0.0
Prodefense M 440g,Tropical,Tropical,,460.0,341.0,-1.0,0.0
D-50 Plus Flakes 200g,Tropical,Tropical,5900469643860,360.0,264.0,29.0,0.0
Bionautic Flakes 200g,Tropical,Tropical,5900469775066,400.0,298.0,8.0,0.0
StartSmart Complete saltwater 5l,Tender Living Care,Tender Living Care,615929100429,875.0,579.0,-2.0,0.0
StartSmart Complete saltwater 250ml,Tender Living Care,Tender Living Care,615929200426,110.0,62.0,4.0,0.0
StartSmart Complete saltwater 20l,Tender Living Care,Tender Living Care,,2300.0,1399.0,-2.0,0.0
StartSmart Complete saltwater 1l,Tender Living Care,Tender Living Care,615929200358,230.0,151.0,-25.0,0.0
StartSmart Complete Freshwater 5l,Tender Living Care,Tender Living Care,0615929100429,875.0,579.0,3.0,0.0
StartSmart Complete Freshwater 250ml,Tender Living Care,Tender Living Care,615929100429,120.0,76.0,4.0,0.0
StartSmart Complete Freshwater 1l,Tender Living Care,Tender Living Care,615929100351,230.0,151.0,-5.0,0.0
Tacoral 5g,Tacoral,Tacoral,,80.0,50.0,-22.0,0.0
Tacoral 40g,Tacoral,Tacoral,,350.0,250.0,-4.0,0.0
Tacoral 20g,Tacoral,Tacoral,,200.0,150.0,-10.0,0.0
Termostato 300w SGH380,General,,7503008378889,200.0,120.0,0.0,0.0
Termostato 200 w SGH280,General,,7503008378872,140.0,86.0,-3.0,0.0
Termostato 100w SGH180,General,,7503008378865,120.0,77.0,2.0,0.0
Spectrum Thera + A Medium 150g,Spectrum,Spectrum,817987022242,300.0,200.0,3.0,0.0
Spectrum Optimum Flakes 90g,Spectrum,Spectrum,817987029265,330.0,212.0,8.0,0.0
Spectrum Thera + A Large 300g,Spectrum,Spectrum,817987022358,470.0,321.0,2.0,0.0
Spectrum Thera + A Small 60g,Spectrum,Spectrum,817987022020,200.0,138.0,6.0,0.0
Spectrum Thera + A Small 0.5mm 140g,Spectrum,Spectrum,817987022044,265.0,189.0,11.0,0.0
Spectrum Thera + A Regular 80g,Spectrum,Spectrum,817987022129,225.0,150.0,6.0,0.0
Spectrum Thera + A Regular 1mm 600g,Spectrum,Spectrum,817987022136,650.0,468.0,2.0,0.0
Spectrum Thera + A Regular 1mm 300g,Spectrum,Spectrum,817987022150,440.0,316.0,2.0,0.0
Spectrum Thera + A Regular 1mm 150g,Spectrum,Spectrum,817987022143,300.0,200.0,1.0,0.0
Spectrum Thera + A Medium 2mm 300g,Spectrum,Spectrum,817987022259,450.0,321.0,0.0,0.0
Spectrum Thera + A Medium 2mm 2200g,Spectrum,Spectrum,817987022204,2000.0,1390.0,0.0,0.0
Spectrum Optimum Flakes 45g,Spectrum,Spectrum,817987029258,200.0,138.0,-1.0,0.0
Spectrum Marine Fish 1mm 600g,Spectrum,Spectrum,817987021139,550.0,397.0,0.0,0.0
Marine Fish Regular 80g,Spectrum,Spectrum,817987021122,190.0,138.0,8.0,0.0
Marine Fish Medium150g,Spectrum,Spectrum,817987021146,250.0,167.0,7.0,0.0
Probiotix Small 60g,Spectrum,Spectrum,817987022525,220.0,168.0,0.0,0.0
Probiotix Regular 150g,Spectrum,Spectrum,817987022648,340.0,252.0,0.0,0.0
Probiotix Regular  80g,Spectrum,Spectrum,817987022624,260.0,168.0,3.0,0.0
Probiotix Medium 150g,Spectrum,Spectrum,817987022747,380.0,250.0,4.0,0.0
Probiotix Large 150g,Spectrum,Spectrum,817987022846,690.0,460.0,2.0,0.0
Grow 140gr,Spectrum,Spectrum,817987026844,280.0,250.0,5.0,0.0
Float Regular 120g,Spectrum,Spectrum,,200.0,152.0,0.0,0.0
Float Medium 120g,Spectrum,Spectrum,817987024147,200.0,152.0,0.0,0.0
Discus 150g,Spectrum,Spectrum,817987021443,210.0,152.0,-2.0,0.0
Aqua knight V2,Spectra,Spectra,,2000.0,1150.0,0.0,0.0
Aqua protector Z1,SLAqua,SLAqua,4712928012411,450.0,316.0,3.0,0.0
More White 30g,SLAqua,SLAqua,4712928012121,240.0,168.0,2.0,0.0
More snow 30g,SLAqua,SLAqua,4712928012138,240.0,168.0,0.0,0.0
Vitality 250 ml,Seachem,Seachem,0000116149600,410.0,275.0,0.0,0.0
Tidal 35,Seachem,Seachem,000116065818,1500.0,1300.0,0.0,0.0
Sulfaplex 10g,Seachem,Seachem,000116084208,200.0,135.0,-5.0,0.0
Stability 50ml,Seachem,Seachem,,105.0,70.0,-41.0,0.0
Stability 500 ml,Seachem,Seachem,0000116012300,525.0,350.0,-18.0,0.0
Stability 325ml,Seachem,Seachem,0000116012003,280.0,188.0,-21.0,0.0
Stability 250 ml,Seachem,Seachem,0000116012607,280.0,187.0,-25.0,0.0
Stability 100ml,Seachem,Seachem,0000116012508,140.0,93.0,-66.0,0.0
Seagel 500ml,Seachem,Seachem,0000116006309,525.0,350.0,2.0,0.0
Seagel 250 ml,Seachem,Seachem,0000116006606,315.0,210.0,2.0,0.0
Seagel 1l,Seachem,Seachem,0000116006705,940.0,625.0,3.0,0.0
Seagel 100ml,Seachem,Seachem,0000116006507,225.0,150.0,1.0,0.0
Replenish 500 ml,Seachem,Seachem,0000116147309,165.0,110.0,-13.0,0.0
Replenish 250 ml,Seachem,Seachem,0000116147606,100.0,68.0,3.0,0.0
Renew 500ml,Seachem,Seachem,0000116008303,250.0,167.0,5.0,0.0
Renew 250ml,Seachem,Seachem,000116008600,150.0,100.0,7.0,0.0
Renew 1l,Seachem,Seachem,0000116008709,400.0,262.0,4.0,0.0
Renew 100ml,Seachem,Seachem,0000116008501,110.0,70.0,3.0,0.0
Reef Zooplankton 500ml,Seachem,Seachem,,550.0,370.0,-1.0,0.0
Reef Zooplankton 250ml,Seachem,Seachem,000116151603,300.0,200.0,-4.0,0.0
Reef trace 500 ml,Seachem,Seachem,0000116073301,375.0,250.0,1.0,0.0
Reef trace 250 ml,Seachem,Seachem,0000116073608,245.0,162.0,0.0,0.0
Reef trace 100ml,Seachem,Seachem,0000116073509,170.0,112.0,1.0,0.0
Reef strontium 500ml,Seachem,Seachem,0000116037303,360.0,240.0,0.0,0.0
Reef strontium 250ml,Seachem,Seachem,0000116037600,240.0,157.0,3.0,0.0
Reef strontium 100ml,Seachem,Seachem,0000116037501,165.0,110.0,0.0,0.0
Reef Reactor Md 4l,Seachem,Seachem,000116015325,1500.0,1000.0,1.0,0.0
Reef reactor Md 2l,Seachem,Seachem,000116015318,1000.0,670.0,1.0,0.0
Reef Reactor Lg 4l,Seachem,Seachem,000116015424,1500.0,1000.0,1.0,0.0
Reef reactor Lg 2l,Seachem,Seachem,000116015417,1000.0,670.0,1.0,0.0
Reef plus 500 ml,Seachem,Seachem,0000116053303,400.0,270.0,-10.0,0.0
Reef plus 250 ml,Seachem,Seachem,0000116053600,250.0,170.0,-6.0,0.0
Reef plus 100 ml,Seachem,Seachem,0000116053501,180.0,120.0,1.0,0.0
Reef Phytoplancton 500ml,Seachem,Seachem,000116150309,560.0,370.0,-1.0,0.0
Reef Kalkwasser 500gr,Seachem,Seachem,0000116039703,500.0,330.0,-1.0,0.0
Reef Kalkwasser 1kg,Seachem,Seachem,0000116039802,880.0,585.0,0.0,0.0
Reef iodide 500ml,Seachem,Seachem,0000116055307,360.0,240.0,-4.0,0.0
Reef iodide 250ml,Seachem,Seachem,000116055604,230.0,155.0,0.0,0.0
Reef iodide 100ml,Seachem,Seachem,000116055505,165.0,110.0,1.0,0.0
Reef glue 20gr,Seachem,Seachem,0000116311502,270.0,180.0,-18.0,0.0
Reef fusion 2 1l,Seachem,Seachem,0000116121705,465.0,310.0,1.0,0.0
Reef dip 250 ml,Seachem,Seachem,0000116061605,415.0,275.0,-2.0,0.0
Reef dip 100 ml,Seachem,Seachem,000116061506,190.0,125.0,-5.0,0.0
Reef complete 500ml,Seachem,Seachem,0000116033305,360.0,240.0,2.0,0.0
Reef complete 250 ml,Seachem,Seachem,0000116033602,240.0,160.0,2.0,0.0
Reef complete 100 ml,Seachem,Seachem,0000116033503,165.0,110.0,1.0,0.0
Reef carbonate 500ml,Seachem,Seachem,000116066303,250.0,165.0,-3.0,0.0
Reef carbonate 250ml,Seachem,Seachem,0000116066600,150.0,100.0,1.0,0.0
Reef carbonate 100ml,Seachem,Seachem,0000116066501,120.0,80.0,1.0,0.0
Reef calcium 500 ml,Seachem,Seachem,0000116035309,360.0,240.0,2.0,0.0
Reef calcium 250 ml,Seachem,Seachem,0000116035606,240.0,157.0,3.0,0.0
Reef calcium 100ml,Seachem,Seachem,0000116035507,165.0,110.0,1.0,0.0
Reef builder 600g,Seachem,Seachem,0000116036306,400.0,270.0,1.0,0.0
Reef builder 300g,Seachem,Seachem,0000116036603,240.0,160.0,1.0,0.0
Reef builder 1.2kg,Seachem,Seachem,,740.0,490.0,0.0,0.0
Reef advantage magnesium 600g,Seachem,Seachem,0000116063302,300.0,220.0,2.0,0.0
Reef advantage magnesium 300g,Seachem,Seachem,0000116063302,200.0,135.0,2.0,0.0
Prime 250 ml,Seachem,Seachem,0000116043601,300.0,200.0,-13.0,0.0
Prime 100ml,Seachem,Seachem,0000116043502,150.0,100.0,-78.0,0.0
Phosguard 500ml,Seachem,Seachem,0000116018302,390.0,260.0,-10.0,0.0
Phosguard 250ml,Seachem,Seachem,0000116018609,230.0,152.0,-6.0,0.0
Phosguard 1l,Seachem,Seachem,0000116018708,650.0,430.0,-5.0,0.0
Phosguard 100ml,Seachem,Seachem,0000116018500,180.0,122.0,-7.0,0.0
Phosbond 500ml,Seachem,Seachem,0000116126205,670.0,445.0,1.0,0.0
Reef advantage magnesium 1.2 kg,Seachem,Seachem,0000116063708,450.0,300.0,1.0,0.0
Reef advantage calcium 500g,Seachem,Seachem,,490.0,325.0,2.0,0.0
Phosbond 250 ml,Seachem,Seachem,0000116126106,370.0,245.0,0.0,0.0
Reef advantage calcium 250 g,Seachem,Seachem,0000116031608,285.0,190.0,2.0,0.0
Reef advantage calcium 1kg,Seachem,Seachem,0000116031707,850.0,565.0,2.0,0.0
Purigen 500ml,Seachem,Seachem,0000116016308,975.0,650.0,-8.0,0.0
Purigen 250ml,Seachem,Seachem,0000116016605,550.0,365.0,-4.0,0.0
Purigen 100ml,Seachem,Seachem,0000116016506,330.0,220.0,-19.0,0.0
Pristine 500ml,Seachem,Seachem,0000116124201,600.0,400.0,-3.0,0.0
Pristine 250 ml,Seachem,Seachem,0000116124102,315.0,210.0,-10.0,0.0
Pristine 100 ml,Seachem,Seachem,0000116124003,160.0,105.0,-25.0,0.0
Prime 500 ml,Seachem,Seachem,0000116043304,525.0,350.0,-18.0,0.0
Prime 325 ml,Seachem,Seachem,0000116043007,300.0,200.0,-23.0,0.0
Phosbond 1l,Seachem,Seachem,0000116126502,1125.0,750.0,2.0,0.0
PhosBond 100ml,Seachem,Seachem,0000116126007,300.0,200.0,0.0,0.0
pH alert,Seachem,Seachem,0000116002004,260.0,172.0,5.0,0.0
Paraguard 500 ml,Seachem,Seachem,0000116060301,415.0,275.0,1.0,0.0
Paraguard 250 ml,Seachem,Seachem,0000116060608,270.0,180.0,-9.0,0.0
Paraguard 100ml,Seachem,Seachem,0000116060509,190.0,125.0,-10.0,0.0
Neoplex 10g,Seachem,Seachem,0000116068208,200.0,135.0,0.0,0.0
Metroplex 5g,Seachem,Seachem,0000116080101,200.0,135.0,-18.0,0.0
MatrixCarbon 500ml,Seachem,Seachem,0000116010306,500.0,335.0,1.0,0.0
MatrixCarbon 250 ml,Seachem,Seachem,0000116010603,300.0,200.0,0.0,0.0
MatrixCarbon 1l,Seachem,Seachem,0000116010702,900.0,600.0,2.0,0.0
MatrixCarbon 100ml,Seachem,Seachem,0000116010504,280.0,185.0,-1.0,0.0
Matrix 500 ml,Seachem,Seachem,0000116011303,225.0,150.0,-17.0,0.0
Matrix 4l,Seachem,Seachem,0000116011907,1250.0,835.0,-2.0,0.0
Matrix 2l,Seachem,Seachem,0000116011808,720.0,475.0,-3.0,0.0
Matrix 250 ml,Seachem,Seachem,0000116011600,135.0,88.0,-12.0,0.0
Matrix 1l,Seachem,Seachem,0000116011709,400.0,265.0,-6.0,0.0
Marine buffer 1 kg,Seachem,Seachem,000116034708,730.0,485.0,2.0,0.0
Malawi victoria buffer 600g,Seachem,Seachem,000116029308,410.0,272.5,1.0,0.0
Kanaplex 5g,Seachem,Seachem,0000116088107,200.0,135.0,-17.0,0.0
Glass feeder,Seachem,Seachem,000116031592,1250.0,850.0,0.0,0.0
Garlic guard 500ml,Seachem,Seachem,0000116017305,360.0,240.0,-1.0,0.0
Garlic guard 250 ml,Seachem,Seachem,0000116017602,235.0,155.0,-8.0,0.0
Garlic guard 100 ml,Seachem,Seachem,0000116017503,120.0,80.0,-9.0,0.0
Focus 5g,Seachem,Seachem,0000116064101,200.0,135.0,2.0,0.0
Flourite red 7 kg,Seachem,Seachem,0000116371506,715.0,475.0,0.0,0.0
Flourite dark 7kg,Seachem,Seachem,0000116373500,825.0,550.0,-4.0,0.0
Flourite black 7kg,Seachem,Seachem,0000116372503,975.0,650.0,-1.0,0.0
Flourite black 3.5kg,Seachem,Seachem,0000116372305,570.0,375.0,0.0,0.0
Flourite 7kg,Seachem,Seachem,0000116049504,720.0,475.0,0.0,0.0
Flourite 3.5 kg,Seachem,Seachem,0000116049306,415.0,275.0,-1.0,0.0
Flourish trace 500ml,Seachem,Seachem,0000116074308,370.0,245.0,-10.0,0.0
Flourish tabs 10pz,Seachem,Seachem,0000116050500,290.0,170.0,-5.0,0.0
Flourish potassium 500ml,Seachem,Seachem,0000116046305,360.0,215.0,-14.0,0.0
Flourish potassium 250 ml,Seachem,Seachem,0000116046602,220.0,145.0,-13.0,0.0
Flourish potassium 100 ml,Seachem,Seachem,0000116046503,160.0,95.0,-11.0,0.0
Flourish phosphorus 500ml,Seachem,Seachem,0000116019309,360.0,215.0,-8.0,0.0
Flourish phosphorus 250ml,Seachem,Seachem,0000116019606,230.0,230.0,-5.0,0.0
Flourish phosphorus 100ml,Seachem,Seachem,0000116019507,160.0,93.0,-5.0,0.0
Flourish onix sand 7kg,Seachem,Seachem,0000116350501,710.0,475.0,1.0,0.0
Flourish nitrogen 500 ml,Seachem,Seachem,000116062305,360.0,235.0,-4.0,0.0
Flourish nitrogen 250 ml,Seachem,Seachem,0000116062602,230.0,110.0,-1.0,0.0
Flourish nitrogen 100ml,Seachem,Seachem,0000116062503,160.0,95.0,-1.0,0.0
Flourish iron 500ml,Seachem,Seachem,0000116047302,375.0,250.0,-6.0,0.0
Flourish iron 250 ml,Seachem,Seachem,0000116047609,230.0,155.0,-3.0,0.0
Flourish iron 100 ml,Seachem,Seachem,0000116047500,170.0,110.0,-5.0,0.0
Flourish excel 500 ml,Seachem,Seachem,000116045308,370.0,255.0,-22.0,0.0
Flourish excel 250 ml,Seachem,Seachem,0000116045605,235.0,155.0,0.0,0.0
Flourish excel 100ml,Seachem,Seachem,0000116045506,165.0,110.0,-9.0,0.0
Flourish advance 500ml,Seachem,Seachem,0000116123303,420.0,285.0,-16.0,0.0
Flourish advance 250 ml,Seachem,Seachem,0000116123600,265.0,162.0,-3.0,0.0
Flourish advance 100 ml,Seachem,Seachem,0000116123501,185.0,110.0,-5.0,0.0
Flourish 500 ml,Seachem,Seachem,0000116051309,340.0,215.0,-15.0,0.0
Flourish 250 ml,Seachem,Seachem,0000116051606,220.0,135.0,-9.0,0.0
Flourish 100 ml,Seachem,Seachem,0000116051507,160.0,93.0,-15.0,0.0
Discus trace 500ml,Seachem,Seachem,0000116075305,420.0,275.0,-9.0,0.0
Discus trace 250 ml,Seachem,Seachem,0000116075602,270.0,175.0,0.0,0.0
Denitrate 500ml,Seachem,Seachem,000116013307,225.0,150.0,-5.0,0.0
Denitrate 2l,Seachem,Seachem,000116013802,715.0,475.0,2.0,0.0
Denitrate 1l,Seachem,Seachem,000116013703,400.0,265.0,1.0,0.0
Cupramine 50ml,Seachem,Seachem,0000116056403,165.0,110.0,1.0,0.0
Cupramine 500ml,Seachem,Seachem,0000116056304,1000.0,660.0,1.0,0.0
Cupramine 250 ml,Seachem,Seachem,0000116056601,500.0,335.0,4.0,0.0
Cupramine 100ml,Seachem,Seachem,0000116056502,260.0,170.0,-3.0,0.0
Clarity 250 ml,Seachem,Seachem,000116014601,280.0,185.0,-11.0,0.0
Ammonia alert,Seachem,Seachem,0000116001007,260.0,172.0,5.0,0.0
Amguard 500ml,Seachem,Seachem,0000116077309,450.0,300.0,0.0,0.0
Amguard 250ml,Seachem,Seachem,0000116077606,300.0,195.0,1.0,0.0
Amguard 100ml,Seachem,Seachem,0000116077507,150.0,95.0,-1.0,0.0
Algae scraper 46cm,Seachem,Seachem,000116032087,800.0,535.0,0.0,0.0
Algae scraper 31cm,Seachem,Seachem,000116032070,600.0,385.0,2.0,0.0
Algae Pads 3 pack,Seachem,Seachem,000116032032,230.0,150.0,1.0,0.0
Algae pads,Seachem,Seachem,000116032025,80.0,55.0,1.0,0.0
Alert combo,Seachem,Seachem,0000116000130,500.0,325.0,-1.0,0.0
Salifert Nitrite,Salifert,Salifert,8714079130378,300.0,185.0,0.0,0.0
Salifert Phosphate,Salifert,Salifert,8714079130361,400.0,250.0,5.0,0.0
Salifert pH,Salifert,Salifert,8714079130491,200.0,125.0,0.0,0.0
Salifert Nitrate,Salifert,Salifert,8714079130385,360.0,230.0,-12.0,0.0
Salifert Ammonia,Salifert,Salifert,8714079130477,350.0,252.0,-1.0,0.0
Salifert Magnesium,Salifert,Salifert,8714079130422,400.0,250.0,-7.0,0.0
Salifert Alkalinity,Salifert,Salifert,8714079130354,350.0,215.0,-2.0,0.0
Salifert Potassium,Salifert,Salifert,,350.0,210.0,0.0,0.0
Salifert Copper,Salifert,Salifert,8714079130453,450.0,299.0,1.0,0.0
Salifert Calcium,Salifert,Salifert,8714079130347,400.0,220.0,-5.0,0.0
Salifert Flatworm exit,Salifert,Salifert,8714079180014,320.0,190.0,0.0,0.0
Rally pro 2l,Ruby Reef,Ruby Reef,685759130323,1200.0,900.0,0.0,0.0
RS Trace Colors B Potassium 500ml,Red Sea,Red Sea,730773220533,320.0,249.0,1.0,0.0
Trace colors ABCD 4x100ml,Red Sea,Red Sea,7290100772966,450.0,348.0,-11.0,0.0
Test Trace colors pro,Red Sea,Red Sea,7290100772119,1500.0,1182.0,-1.0,0.0
Reef Test kit Phosphate Pro,Red Sea,Red Sea,7290100772089,600.0,420.0,-1.0,0.0
Reef Test kit Nitrate Pro,Red Sea,Red Sea,7290100772072,600.0,420.0,0.0,0.0
Test Marine care,Red Sea,Red Sea,7290100774137,1400.0,927.0,-1.0,0.0
Test Algae control pro,Red Sea,Red Sea,7290100772126,1350.0,1003.0,-2.0,0.0
RS Trace colors iron C 500ml,Red Sea,Red Sea,7290100772904,320.0,237.0,-4.0,0.0
RS Trace colors A iodine 500ml,Red Sea,Red Sea,7290100772881,320.0,236.0,-4.0,0.0
Reef test kit Magnesium pro,Red Sea,Red Sea,7290100772065,650.0,501.0,0.0,0.0
Reef Test Kit Alkalinity pro,Red Sea,Red Sea,7290100772058,600.0,430.0,-3.0,0.0
Reef test kit Foundation pro,Red Sea,Red Sea,7290100772102,1250.0,955.0,-6.0,0.0
Reef test kit Calcium pro,Red Sea,Red Sea,7290100772041,650.0,501.0,-1.0,0.0
RS Salt 7kg,Red Sea,Red Sea,0730773110551,650.0,508.0,-13.0,0.0
RS Salt 22kg,Red Sea,Red Sea,7290100771990,1750.0,1366.0,-29.0,0.0
RS Foundation Skeletal elements AB+ powder 1kg,Red Sea,Red Sea,7290100772140,520.0,352.0,7.0,0.0
RS Foundation Magnesium 1kg,Red Sea,Red Sea,7290100772874,480.0,368.0,13.0,0.0
RS Foundation Magnesium 500ml,Red Sea,Red Sea,7290100772867,300.0,237.0,-7.0,0.0
RS Foundation Magnesium 1l,Red Sea,Red Sea,7290100773888,500.0,383.0,-9.0,0.0
RS Foundation KH 1kg,Red Sea,Red Sea,7290100772188,480.0,352.0,9.0,0.0
RS Foundation KH 500ml,Red Sea,Red Sea,7290100772171,330.0,259.0,-23.0,0.0
RS Foundation Kh 1l,Red Sea,Red Sea,7290100773871,500.0,383.0,-37.0,0.0
RS Foundation Calcium 1kg,Red Sea,Red Sea,7290100772164,480.0,367.0,13.0,0.0
RS Foundation Calcium 500ml,Red Sea,Red Sea,7290100772157,300.0,237.0,-17.0,0.0
RS Foundation Calcium 1l,Red Sea,Red Sea,7290100773789,500.0,382.0,-7.0,0.0
RS Foundation ABC+ 5kg,Red Sea,Red Sea,7290100772850,1100.0,802.0,2.0,0.0
RS Coral pro salt 1kg,Red Sea,Red Sea,,100.0,60.0,-11.0,0.0
RS Coral pro 7kg,Red Sea,Red Sea,7290100771846,750.0,595.0,-43.0,0.0
RS Coral pro salt 25kg,Red Sea,Red Sea,730773112326,1980.0,1578.0,-7.0,0.0
RS Coral pro 22kg,Red Sea,Red Sea,7290100771853,1850.0,1451.0,-29.0,0.0
RS Reef Spec Carbón 500g,Red Sea,Red Sea,7290100775813,350.0,240.0,-23.0,0.0
RS Reef Spec Carbón 250g,Red Sea,Red Sea,7290100775806,220.0,148.0,-15.0,0.0
RS Reef Spec Carbón 1000g,Red Sea,Red Sea,730773374205,550.0,386.0,-21.0,0.0
RS NO3PO4-X 5L,Red Sea,Red Sea,7290100773895,2400.0,1785.0,0.0,0.0
RS NO3PO4-X 500ml,Red Sea,Red Sea,7290100772942,380.0,288.0,23.0,0.0
RS NO3PO4-X 1l,Red Sea,Red Sea,7290100772959,690.0,500.0,4.0,0.0
RS Dip X 250 ml,Red Sea,Red Sea,7290116399553,330.0,220.0,5.0,0.0
RS Coral nutrition AB+ 5l,Red Sea,Red Sea,7290100770320,3200.0,2211.0,0.0,0.0
RS Coral nutrition AB+ 500ml,Red Sea,Red Sea,7290100770306,600.0,410.0,-15.0,0.0
RS Coral nutrition AB+ 1l,Red Sea,Red Sea,7290100770313,820.0,620.0,-24.0,0.0
RS Aptasia X 60ml,Red Sea,Red Sea,7290100771969,350.0,280.0,9.0,0.0
Reactor LH600,Qanvee,Qanvee,6973486780220,400.0,125.0,46.0,0.0
Difusor M2,Qanvee,Qanvee,6973486780114,700.0,490.0,-1.0,0.0
Difusor M1,Qanvee,Qanvee,6973486780107,600.0,420.0,-2.0,0.0
Cepillo quita algas MS-3,Qanvee,Qanvee,,400.0,300.0,1.0,0.0
Biosponge filter QS 200 A,Qanvee,Qanvee,6973486780015,320.0,116.0,-1.0,0.0
Biosponge filter QS 100 A,Qanvee,Qanvee,6973486780039,250.0,85.0,12.0,0.0
Reef booster x30,ProdiBio,ProdiBio,3594200001235,1000.0,783.0,8.0,0.0
Reef booster 1pz,ProdiBio,ProdiBio,,40.0,24.0,0.0,0.0
ProMagnesium 700g,ProdiBio,ProdiBio,3594200011555,380.0,288.0,0.0,0.0
ProCarbonates 800g,ProdiBio,ProdiBio,3594200011562,310.0,222.0,0.0,0.0
P Pure Ocean 1kg,ProdiBio,ProdiBio,,100.0,48.0,0.0,0.0
P Pure Ocean 20kg,ProdiBio,ProdiBio,875295005432,1500.0,960.0,1.0,0.0
P Procalcium 500g,ProdiBio,ProdiBio,3594200011548,210.0,152.0,0.0,0.0
Iodi+ x30,ProdiBio,ProdiBio,3594200001433,780.0,591.0,1.0,0.0
Coral vits x30,ProdiBio,ProdiBio,3594200001266,780.0,570.0,0.0,0.0
Coral vits 1pz,ProdiBio,ProdiBio,,30.0,19.0,-7.0,0.0
Coral color booster 500ml,ProdiBio,ProdiBio,3594200011531,850.0,601.0,0.0,0.0
Coral color booster 250ml,ProdiBio,ProdiBio,,490.0,343.0,0.0,0.0
Calci Reef + 1L,ProdiBio,ProdiBio,3594200011593,585.0,430.0,0.0,0.0
Bioptim x30,ProdiBio,ProdiBio,3594200002430,760.0,612.0,26.0,0.0
Bioptim 1pz,ProdiBio,ProdiBio,,30.0,18.0,0.0,0.0
Biodigest x30,ProdiBio,ProdiBio,3594200001136,800.0,612.0,22.0,0.0
Biodigest 1pz,ProdiBio,ProdiBio,,30.0,18.0,0.0,0.0
Bio KitReef x30,ProdiBio,ProdiBio,3594200002331,880.0,698.0,0.0,0.0
Aqua shrimp powder 3kg,ProdiBio,ProdiBio,3594200008661,580.0,385.0,0.0,0.0
Alka Reef 1L,ProdiBio,ProdiBio,,585.0,430.0,0.0,0.0
"(N,P) EX 250ml",ProdiBio,ProdiBio,3594200011517,250.0,179.0,-1.0,0.0
"(N, P) Ex 1L",ProdiBio,ProdiBio,35994200018844,690.0,490.0,0.0,0.0
Reef Safe Medic,Polyp Lab,Polyp Lab,019962013904,950.0,500.0,0.0,0.0
Reef roids 75g,Polyp Lab,Polyp Lab,051572128012,590.0,460.0,0.0,0.0
Reef Roids Nano 37g,Polyp Lab,Polyp Lab,051572128036,300.0,170.0,5.0,0.0
Reef Roids Pro 150g,Polyp Lab,Polyp Lab,696859301919,950.0,535.0,2.0,0.0
Procarbon 500ml,Polyp Lab,Polyp Lab,696859301902,300.0,165.0,-1.0,0.0
Procarbon 1l,Polyp Lab,Polyp Lab,696859301834,500.0,400.0,0.0,0.0
Polyplab plus 50ml,Polyp Lab,Polyp Lab,696859301841,550.0,400.0,1.0,0.0
Polyp Acids 50ml,Polyp Lab,Polyp Lab,0019962972331,500.0,450.0,-2.0,0.0
Polyp Genesis 50ml,Polyp Lab,Polyp Lab,0019962972232,500.0,310.0,-2.0,0.0
Polyp colors 50ml,Polyp Lab,Polyp Lab,0696859301827,1300.0,800.0,2.0,0.0
Polyp booster 100ml,Polyp Lab,Polyp Lab,0696859301889,650.0,496.0,4.0,0.0
Lente Coral view lens,Polyp Lab,Polyp Lab,019962973239,850.0,541.0,0.0,0.0
Copepodos,Podpops,Podpops,,280.0,140.0,0.0,0.0
Plugs 100pz,Plugs,Plugs,,300.0,100.0,0.0,0.0
Plug de propagación,Plugs,Plugs,,20.0,5.0,0.0,0.0
Plug 1pz,Plugs,Plugs,,5.0,2.0,0.0,0.0
Osmosis Vaso Porta resina,Ósmosis,Ósmosis,,500.0,300.0,0.0,0.0
Osmosis Vaso con resina DI,Ósmosis,Ósmosis,,550.0,380.0,-1.0,0.0
Osmosis Resina DI 350g,Ósmosis,Ósmosis,,300.0,153.0,23.0,0.0
Osmosis Resina DI 740g,Ósmosis,Ósmosis,,500.0,305.0,-13.0,0.0
Osmosis Porta vaso,Ósmosis,Ósmosis,,500.0,300.0,-3.0,0.0
Filtro ósmosis,Ósmosis,Ósmosis,,4500.0,2900.0,-1.0,0.0
Osmosis Filtro de sedimentos,Ósmosis,Ósmosis,,80.0,35.0,-73.0,0.0
Osmosis Fibra de coco,Ósmosis,Ósmosis,,150.0,120.0,-1.0,0.0
Osmosis Carbón granulado,Ósmosis,Ósmosis,,150.0,66.0,-36.0,0.0
Osmosis Carbón en bloque,Ósmosis,Ósmosis,,150.0,66.0,-41.0,0.0
Membrana LG,Ósmosis,Ósmosis,,450.0,250.0,-7.0,0.0
Envase 20l,Ósmosis,Ósmosis,,70.0,60.0,0.0,0.0
Agua ósmosis 20l,Ósmosis,Ósmosis,,50.0,25.0,-640.0,3.0
Azurelite,Orphek,Orphek,,500.0,300.0,1.0,0.0
Flat one 90cm,ONF,ONF,4713233159754,14500.0,11476.0,2.0,0.0
Flat one 60cm,ONF,ONF,4713233157897,10200.0,7817.0,0.0,0.0
Flat nano negra,ONF,ONF,4713233158085,3700.0,2827.0,0.0,0.0
Flat nano gris,ONF,ONF,4713233157590,2600.0,1996.0,2.0,0.0
Flat nano blanca,ONF,ONF,760939128090,4100.0,3160.0,1.0,0.0
Flexi mini,OK,OK,,4500.0,2990.0,0.0,0.0
Prime reef flakes 70g,Ocean nutrition,Ocean nutrition,098731255608,400.0,165.0,-2.0,0.0
Prime reef flakes 34g,Ocean nutrition,Ocean nutrition,098731255554,250.0,82.0,3.0,0.0
Prime reef flakes 154g,Ocean nutrition,Ocean nutrition,098731255653,550.0,260.0,-6.0,0.0
Formula two pellets S 200g,Ocean nutrition,Ocean nutrition,098731092425,475.0,237.0,0.0,0.0
Formula two pellets S 100g,Ocean nutrition,Ocean nutrition,0098731092401,280.0,137.0,1.0,0.0
Formula two pellets M 400g,Ocean nutrition,Ocean nutrition,098731092548,600.0,285.0,0.0,0.0
Formula two pellets M 200g,Ocean nutrition,Ocean nutrition,098731092524,400.0,180.0,2.0,0.0
Formula two pellets M 100g,Ocean nutrition,Ocean nutrition,098731092500,200.0,84.0,-4.0,0.0
Formula two flakes 70g,Ocean nutrition,Ocean nutrition,098731255356,400.0,125.0,-11.0,0.0
Formula two flakes 34g,Ocean nutrition,Ocean nutrition,098731255301,250.0,75.0,3.0,0.0
Formula two flakes 154g,Ocean nutrition,Ocean nutrition,098731255400,550.0,150.0,-9.0,0.0
Formula one pellet S 400g,Ocean nutrition,Ocean nutrition,098731092241,550.0,280.0,1.0,0.0
Formula one pellet S 200g,Ocean nutrition,Ocean nutrition,098731092227,400.0,236.0,-1.0,0.0
Formula one pellet S 100g,Ocean nutrition,Ocean nutrition,098731092203,280.0,136.0,-2.0,0.0
Formula one pellet M 400g,Ocean nutrition,Ocean nutrition,098731092340,550.0,285.0,-2.0,0.0
Formula one pellet M 100g,Ocean nutrition,Ocean nutrition,098731092302,250.0,119.0,1.0,0.0
Formula one flakes 70g,Ocean nutrition,Ocean nutrition,098731255103,350.0,150.0,2.0,0.0
Formula one flakes 34g,Ocean nutrition,Ocean nutrition,098731255059,250.0,75.0,-2.0,0.0
Formula one flakes 154g,Ocean nutrition,Ocean nutrition,098731255158,500.0,225.0,9.0,0.0
Formula brine shrimp 70g,Ocean nutrition,Ocean nutrition,098731255851,400.0,125.0,6.0,0.0
Formula brine shrimp 34g,Ocean nutrition,Ocean nutrition,098731255806,250.0,75.0,-1.0,0.0
Formula brine shrimp 154g,Ocean nutrition,Ocean nutrition,098731255905,500.0,259.0,1.0,0.0
Hydra nano plus,Ocean free,Ocean free,8887677420568,1750.0,1500.0,0.0,0.0
FiltoSmart Thermo 300,Oase,Oase,706759551656,4200.0,2940.0,1.0,0.0
FiltoSmart Thermo 200,Oase,Oase,706759551649,3800.0,2872.0,0.0,0.0
BioMaster Thermo 850,Oase,Oase,706759771184,9675.0,6773.0,0.0,0.0
BioMaster Thermo 600,Oase,Oase,,8750.0,6387.0,0.0,0.0
MF Esfera NO.1 5pz,NO.1,NO.1,,100.0,50.0,0.0,0.0
MF Block Nano NO.1 5pz,NO.1,NO.1,,200.0,100.0,0.0,0.0
Block NO.1 ama/zul x2pz,NO.1,NO.1,,600.0,400.0,7.0,0.0
pH controller MC122,Milwaukee,Milwaukee,810666004225,4150.0,2341.0,0.0,0.0
MC125 pH / ORP controller w/probe,Milwaukee,Milwaukee,810666004256,4900.0,3741.0,0.0,0.0
CO2 Regulator,Milwaukee,Milwaukee,,2950.0,1950.0,0.0,0.0
Plato,Marine Pure,Marine Pure,0857246002028,750.0,506.0,22.0,0.0
MF Esfera Marine Pure 5pz,Marine Pure,Marine Pure,,100.0,100.0,0.0,0.0
Marine Pure Pods Gde,Marine Pure,Marine Pure,857246002226,2150.0,1433.0,3.0,0.0
Marine Pure Pods,Marine Pure,Marine Pure,0857246002219,590.0,365.0,0.0,0.0
Gemas,Marine Pure,Marine Pure,0857246002196,550.0,400.0,-10.0,0.0
Esferas 4l - 1gal,Marine Pure,Marine Pure,0857246002011,1250.0,822.0,21.0,0.0
Esferas 2l,Marine Pure,Marine Pure,857246002004,750.0,540.0,-2.0,0.0
Bloque,Marine Pure,Marine Pure,0857246002035,1250.0,879.0,-71.0,0.0
Nano lomas reef 18l,Lomas,Lomas,7501556479577,1700.0,1245.0,-2.0,0.0
Nano Lomas 14L,Lomas,Lomas,7501556479546,1200.0,935.0,-4.0,0.0
Nano lomas Cubo 9L,Lomas,Lomas,,1100.0,763.0,-2.0,0.0
Nano lomas Cubo 2.5 18L,Lomas,Lomas,,1400.0,1065.0,-2.0,0.0
Nano Cascada 15L,Lomas,Lomas,7501556479614,1350.0,1008.0,0.0,0.0
Nano lomas Bullet 12L,Lomas,Lomas,7501556479560,1400.0,1065.0,-3.0,0.0
Filtro UV lomas 36w,Lomas,Lomas,7501556476897,1850.0,1360.0,-11.0,0.0
Filtro UV Lomas 18w,Lomas,Lomas,7501556476880,1350.0,1000.0,-2.0,0.0
Aquajet slim 60,Lomas,Lomas,7501556488821,320.0,255.0,0.0,0.0
Aquajet slim 40,Lomas,Lomas,7501556488814,225.0,180.0,1.0,0.0
Aquajet 300,Lomas,Lomas,7501556491036,2100.0,1680.0,1.0,0.0
AquaClear 50,Lomas,Lomas,015561106108,930.0,744.0,0.0,0.0
AquaClear 20,Lomas,Lomas,015561105958,690.0,551.0,-1.0,0.0
AquaClear 70,Lomas,Lomas,015561106153,1330.0,1063.0,-1.0,0.0
Aquaclear 30,Lomas,Lomas,,800.0,640.0,1.0,0.0
Increase Reef 500ml,Lab Reef,Lab Reef,,850.0,500.0,1.0,0.0
Bacter Reef Nitrate 500ml,Lab Reef,Lab Reef,,700.0,400.0,1.0,0.0
Bacter Reef Nitrate 250ml,Lab Reef,Lab Reef,,360.0,200.0,1.0,0.0
Bacter Reef Nitrate 1l,Lab Reef,Lab Reef,,1150.0,700.0,2.0,0.0
Bacter Reef Mix 500ml,Lab Reef,Lab Reef,,700.0,400.0,5.0,0.0
Bacter Reef Mix 250ml,Lab Reef,Lab Reef,,360.0,200.0,4.0,0.0
Bacter Reef Mix 1l,Lab Reef,Lab Reef,,1100.0,650.0,2.0,0.0
Bacter Reef Food 500ml,Lab Reef,Lab Reef,,700.0,400.0,1.0,0.0
Bacter Reef Food 250ml,Lab Reef,Lab Reef,,360.0,200.0,-4.0,0.0
Bacter Reef Food 1l,Lab Reef,Lab Reef,,1150.0,700.0,-1.0,0.0
Bacter amazonia 250 ml,Lab Reef,Lab Reef,,360.0,200.0,-1.0,0.0
Amino Reef 120ml,Lab Reef,Lab Reef,,420.0,300.0,2.0,0.0
K Dosing Pump F4 pro,Kamoer,Kamoer,6970719750968,10000.0,8000.0,0.0,0.0
k Dosificador de calcio FX-STP2,Kamoer,Kamoer,,3800.0,3000.0,0.0,0.0
Ventilador 4w ACF-300,Jecod,Jecod,,1200.0,680.0,-3.0,2.0
Ventilador 3W ACF-200,Jecod,Jecod,,1050.0,600.0,-3.0,2.0
Generador de Olas AOW9,Jecod,Jecod,,1900.0,1250.0,2.0,2.0
Generador de Olas AOW5,Jecod,Jecod,,1350.0,960.0,0.0,2.0
Generador de Olas AOW3,Jecod,Jecod,,1200.0,850.0,0.0,2.0
Generador de Olas AOW16,Jecod,Jecod,,2200.0,1550.0,-1.0,2.0
Generador de Olas ALW5,Jecod,Jecod,,1200.0,865.0,0.0,2.0
Generador de Olas ALW20,Jecod,Jecod,,2000.0,1534.0,0.0,1.0
Generador de Olas ALW10,Jecod,Jecod,,1600.0,1180.0,-1.0,2.0
Bomba de Subida ADP-8500,Jecod,Jecod,,3000.0,2000.0,0.0,1.0
Bomba de Subida ADP-6500,Jecod,Jecod,,2800.0,2030.0,0.0,2.0
Bomba de Subida ADP-5000,Jecod,Jecod,,2500.0,1975.0,0.0,1.0
Bomba de Subida ADP-3500,Jecod,Jecod,,1850.0,1450.0,0.0,1.0
Bomba de Subida ADP-2000,Jecod,Jecod,,1500.0,1103.0,0.0,1.0
Bomba de Subida ADP-10000,Jecod,Jecod,,3200.0,2666.0,0.0,1.0
Wave Making,Jebao,Jebao,,200.0,100.0,3.0,0.0
Autorrellenador JebaTO 150,Jebao,Jebao,,1400.0,780.0,-2.0,0.0
Generador de olas SOW8,Jebao,Jebao,,1800.0,1570.0,7.0,0.0
Generador de olas SOW3N,Jebao,Jebao,,1300.0,700.0,0.0,0.0
Generador de olas SOW20,Jebao,Jebao,,2600.0,1940.0,1.0,0.0
Generador de olas SOW15,Jebao,Jebao,,2150.0,1510.0,1.0,0.0
Generador de Olas SOW-9M,Jebao,Jebao,,2050.0,1376.0,0.0,0.0
Generador de Olas SOW-5M,Jebao,Jebao,,1700.0,1153.0,0.0,0.0
Generador de Olas SOW-16M,Jebao,Jebao,,2500.0,1630.0,0.0,0.0
Generador de olas MLW5 Smart,Jebao,Jebao,,1650.0,1151.0,3.0,0.0
Generador de olas MLW30 Smart,Jebao,Jebao,,2600.0,1900.0,1.0,0.0
Generador de olas MLW20 Smart,Jebao,Jebao,,2300.0,1653.0,1.0,0.0
Generador de olas MLW10 Smart,Jebao,Jebao,,1508.0,1385.0,-1.0,0.0
Generador de olas MCP90,Jebao,Jebao,,2700.0,1630.0,0.0,0.0
Generador de olas MCP180,Jebao,Jebao,,4000.0,2710.0,0.0,0.0
Generador de olas MCP120,Jebao,Jebao,,3000.0,1860.0,0.0,0.0
Generador de olas SLW30,Jebao,Jebao,,2650.0,1575.0,0.0,0.0
Generador de olas SDW5,Jebao,Jebao,,1850.0,1235.0,0.0,0.0
Generador de Olas SCP90M,Jebao,Jebao,,2600.0,1887.0,0.0,0.0
Generador de Olas SCP70M,Jebao,Jebao,,2200.0,1532.0,0.0,0.0
Generador de Olas SCP180M,Jebao,Jebao,,4000.0,2800.0,0.0,0.0
Generador de Olas SCP150M,Jebao,Jebao,,3500.0,2400.0,0.0,0.0
Generador de Olas SCP 120M,Jebao,Jebao,,2900.0,2065.0,0.0,0.0
Generador de olas SCP 150,Jebao,Jebao,,2900.0,1850.0,0.0,0.0
Generador de olas MOW9,Jebao,Jebao,,2200.0,1650.0,1.0,0.0
Generador de olas MOW5,Jebao,Jebao,,1750.0,1366.0,4.0,0.0
Generador de olas MOW3,Jebao,Jebao,,1500.0,1108.0,2.0,0.0
Generador de olas MOW22,Jebao,Jebao,,3200.0,2455.0,2.0,0.0
Generador de olas MOW16,Jebao,Jebao,,2500.0,1920.0,0.0,0.0
Generador de olas MCP70,Jebao,Jebao,,2350.0,1886.0,0.0,0.0
Generador de olas MCP150,Jebao,Jebao,,3250.0,2574.0,0.0,0.0
Dosificadora MD-4.4,Jebao,Jebao,,2400.0,1248.0,4.0,0.0
Dosificadora DP4,Jebao,Jebao,,1700.0,1150.0,-3.0,0.0
Bomba de retorno MDP 8500,Jebao,Jebao,,3500.0,1788.0,0.0,1.0
Bomba de retorno MDP 6000,Jebao,Jebao,,2700.0,1644.0,0.0,2.0
Bomba de retorno MDP 3500,Jebao,Jebao,,2300.0,1622.0,0.0,2.0
Bomba de retorno MDP 2500,Jebao,Jebao,,1700.0,1090.0,0.0,2.0
Bomba de retorno MDP 10000,Jebao,Jebao,,3800.0,2518.0,1.0,1.0
Bomba de retorno DCP 20000,Jebao,Jebao,,5600.0,3775.0,1.0,1.0
Bomba de retorno DCP 15000,Jebao,Jebao,,4500.0,3238.0,2.0,1.0
Bomba de retorno DCA 4000,Coral Box,Coral Box,,1950.0,1150.0,0.0,0.0
Aqua Basis plus 5l,JBL,JBL,4014162202109,400.0,280.0,0.0,0.0
Aqua Basis plus 2.5l,JBL,JBL,4014162202123,250.0,176.0,-5.0,0.0
Válvula de autorrelleno,Ista,Ista,4719856839929,250.0,165.0,-1.0,0.0
Termometro 18cm,Ista,Ista,4719856836317,120.0,75.0,0.0,0.0
Snail trap,Ista,Ista,4719856835570,150.0,110.0,2.0,0.0
Rasqueta 3 en 1,Ista,Ista,4719856839042,250.0,165.0,4.0,0.0
Planaria trap,Ista,Ista,4719859037254,330.0,220.0,0.0,0.0
Ista Valvula check,Ista,Ista,4719856835778,75.0,45.0,0.0,0.0
Ista Plato alimentador,Ista,Ista,4719859037247,80.0,50.0,0.0,0.0
Ista Indicador de CO2,Ista,Ista,4719856835068,200.0,135.0,-1.0,0.0
Glass CO2 diffuser,Ista,Ista,4719856835617,800.0,600.0,2.0,0.0
External heater 500w,Ista,Ista,4719856836164,1800.0,1200.0,1.0,0.0
External heater 300w,Ista,Ista,4719856836157,1500.0,1000.0,-1.0,0.0
Coral glue  4gr,Ista,Ista,4719856838120,50.0,22.0,-46.0,5.0
CO2 cilinder 1l,Ista,Ista,4719856835945,2500.0,1700.0,1.0,0.0
IO Reef crystal 1kg,Instant ocean,Instant ocean,,90.0,50.0,0.0,0.0
IO Reef crystal 6.3kg,Instant ocean,Instant ocean,051378018005,600.0,480.0,-3.0,0.0
IO Reef crystal 20.3kg,Instant ocean,Instant ocean,051378017060,1530.0,1224.0,0.0,0.0
Instant ocean 6.3kg - 50gal,Instant ocean,Instant ocean,,365.0,303.0,-1.0,0.0
Instant ocean 25kg - 200 Gal,Instant ocean,Instant ocean,051378014021,1500.0,885.0,-1.0,0.0
Instant ocean 20.3kg - 160gal,Instant ocean,Instant ocean,051378010023,1500.0,914.0,2.0,0.0
Spinstream,Innovative Marine,Innovative Marine,6940005102009,850.0,450.0,0.0,0.0
Pipeta 39in,IceCap,IceCap,851220007078,320.0,210.0,1.0,0.0
Pipeta 27in,IceCap,IceCap,851220007061,280.0,185.0,0.0,0.0
Pipeta 15in,IceCap,IceCap,851220007047,225.0,150.0,0.0,0.0
Membrana Hydrotek,Hydrotek,Hydrotek,100001538571,600.0,300.0,-15.0,0.0
Advanced soil shrimp 8l,Help,Help,4560191492399,800.0,543.0,-3.0,0.0
Advanced soil plants 8l,Help,Help,,800.0,543.0,-12.0,0.0
Reagente Hanna Phosphate LR,Hanna,Hanna,,450.0,280.0,-2.0,0.0
Hanna Reagente phosphorus ULR,Hanna,Hanna,,600.0,499.0,-1.0,0.0
Hanna Reagente phosphate PO4 ULR,Hanna,Hanna,,500.0,350.0,0.0,0.0
Hanna Reagente nitrate NO3 LR,Hanna,Hanna,,500.0,314.0,7.0,0.0
Hanna Reagente nitrate NO3 HR,Hanna,Hanna,,780.0,510.0,-3.0,0.0
Hanna Reagente KH,Hanna,Hanna,,600.0,300.0,-11.0,0.0
Hanna Reagente calcio,Hanna,Hanna,,900.0,650.0,1.0,0.0
Hanna Pluma de salinidad,Hanna,Hanna,,2600.0,1865.0,2.0,0.0
Hanna Pluma de pH,Hanna,Hanna,,1850.0,1300.0,0.0,0.0
Hanna Checker Phospate PO4 ULR,Hanna,Hanna,,1850.0,1549.0,-2.0,0.0
Hanna Checker phospate PO4 LR,Hanna,Hanna,,1950.0,1400.0,0.0,0.0
Hanna Checker Nitrate NO3 LR,Hanna,Hanna,,1800.0,1108.0,0.0,0.0
Hanna Checker Nitrate NO3 HR,Hanna,Hanna,,1950.0,1400.0,1.0,0.0
Hanna Checker Magnesium,Hanna,Hanna,,1950.0,1400.0,1.0,0.0
Hanna Checker Alkalinity,Hanna,Hanna,,1950.0,1400.0,-1.0,0.0
Hanna Checker Calcium,Hanna,Hanna,,1900.0,1669.0,1.0,0.0
Hanna Calibrador de salinidad,Hanna,Hanna,,50.0,35.0,20.0,0.0
Hanna Agua desionizada,Hanna,Hanna,,200.0,130.0,0.0,0.0
MF Cilindro de cerámica 5pz,Genérico,Genérico,,100.0,100.0,0.0,0.0
Valvula check,Genérico,Genérico,,100.0,30.0,1.0,0.0
Tijeras curvas,Genérico,Genérico,,175.0,110.0,7.0,0.0
Termostato HC 500w,Genérico,Genérico,6971316374410,2100.0,1400.0,0.0,0.0
Termostato HC-01 300w,Genérico,Genérico,6971316374465,1500.0,350.0,106.0,0.0
Termómetro T5,Genérico,Genérico,6971504405469,700.0,300.0,9.0,0.0
Termómetro T3,Genérico,Genérico,6971504401850,600.0,300.0,-1.0,0.0
Termómetro con alarma,Genérico,Genérico,,800.0,350.0,5.0,0.0
TDS económica,Genérico,Genérico,,250.0,100.0,-21.0,0.0
Switchera,Genérico,Genérico,,1200.0,800.0,-3.0,0.0
Rejilux 122x60cm,Genérico,Genérico,,390.0,265.0,-11.0,0.0
Refractómetro ATC,Genérico,Genérico,,500.0,185.0,26.0,0.0
Porta heramientas de acrílico,Genérico,Genérico,4712304648678,200.0,120.0,10.0,0.0
Pinzas recta,Genérico,Genérico,,150.0,55.0,-7.0,0.0
Piedra aireadorea M,Genérico,Genérico,,400.0,280.0,48.0,0.0
Piedra aireadorea G,Genérico,Genérico,,500.0,320.0,32.0,0.0
Piedra aireadorea Ch,Genérico,Genérico,,350.0,230.0,20.0,0.0
Canutillo,Genérico,Genérico,,30.0,7.0,1128.0,0.0
K1 1L Blanco,Genérico,Genérico,,80.0,15.0,0.0,0.0
MF Esfera mini 30pz,Genérico,Genérico,,120.0,120.0,0.0,0.0
Lock Line Eco Media,Genérico,Genérico,,200.0,120.0,-25.0,0.0
Lock Line Conector 3/4,Genérico,Genérico,,150.0,100.0,0.0,0.0
Lock Line Conector 1/2,Genérico,Genérico,,120.0,80.0,0.0,0.0
Lock line Boca de Pato 3/4,Genérico,Genérico,,350.0,200.0,-11.0,0.0
Lock Line Boca de Pato 1/2,Genérico,Genérico,,250.0,150.0,0.0,0.0
Foco Hidropónico,Genérico,Genérico,,250.0,120.0,14.0,0.0
UV lamp 11w,NO.1,NO.1,,600.0,330.0,53.0,0.0
MF Esponja 12D,Genérico,Genérico,,200.0,175.0,-6.0,0.0
Cuenta burbujas,Genérico,Genérico,,100.0,30.0,24.0,0.0
Cube purification,NO.1,NO.1,,350.0,104.0,32.0,0.0
Crystal pot,Genérico,Genérico,,250.0,100.0,2.0,0.0
Costal red,Genérico,Genérico,,60.0,30.0,-1.0,0.0
Tiny CO2 diffuser,Genérico,Genérico,6975017510894,200.0,90.0,-1.0,0.0
Calcetin sin aro 47x27,Genérico,Genérico,,200.0,87.0,-7.0,0.0
Calcetin sin aro 40X17,Genérico,Genérico,,180.0,87.0,-9.0,0.0
Calcetin sin aro 30X17,Genérico,Genérico,,120.0,55.0,0.0,0.0
Calcetin sin aro 25x13,Genérico,Genérico,,100.0,40.0,-8.0,0.0
Bulkhead con rosca interna 3/4',Genérico,Genérico,,186.0,162.0,-113.0,0.0
Bulkhead con rosca interna 2',Genérico,Genérico,,280.0,200.0,2.0,0.0
Bulkhead con rosca interna 1/2',Genérico,Genérico,,135.0,90.0,-52.0,0.0
Bulkhead con rosca interna 1',Genérico,Genérico,,165.0,117.0,0.0,0.0
Bulkhead con rosca interna 1 1/2',Genérico,Genérico,,280.0,160.0,-13.0,0.0
Fluvalflex 34l,Fluval,Fluval,015561150040,3000.0,2400.0,0.0,0.0
Fluval FX6,Fluval,Fluval,015561102193,9400.0,7520.0,0.0,0.0
Fluval FX4,Fluval,Fluval,015561102148,6900.0,5520.0,-1.0,0.0
Fluval 107,Fluval,Fluval,015561104401,2900.0,2280.0,0.0,0.0
Fluval 106,Fluval,Fluval,015561102025,2700.0,2080.0,0.0,0.0
Repuesto de Flipper Nano,Flipper,Flipper,748252089410,440.0,280.0,0.0,0.0
Repuesto de Flipper Max,Flipper,Flipper,748252426826,550.0,381.0,1.0,0.0
Repuesto de Flipper estandar,Flipper,Flipper,636045990251,440.0,280.0,-1.0,0.0
"Rasqueta platinum 10""",Flipper,Flipper,,400.0,280.0,0.0,0.0
"Flipper Lupa nano 3""",Flipper,Flipper,652043949343,800.0,466.0,-1.0,0.0
"Flipper Lupa Max 5""",Flipper,Flipper,652043949404,1350.0,934.0,1.0,0.0
"Flipper Lupa 4""",Flipper,Flipper,652043949367,980.0,679.0,1.0,0.0
Flipper Float nano,Flipper,Flipper,023632144027,750.0,468.0,3.0,0.0
Flipper Float max,Flipper,Flipper,023632144041,2800.0,1800.0,-1.0,0.0
Flipper Float estandar,Flipper,Flipper,023632144034,1200.0,750.0,-3.0,0.0
Rotiferos 250ml Fitomix,FitoMix,FitoMix,,200.0,130.0,0.0,0.0
Fito 500ml Fitomix,FitoMix,FitoMix,,160.0,72.0,0.0,0.0
Fito 1l Fitomix,FitoMix,FitoMix,,300.0,150.0,0.0,0.0
Finnex Termostato 500w,Fineex,Fineex,850006562237,2400.0,890.0,0.0,0.0
Finnex Termostato 300w,Fineex,Fineex,850006562152,2300.0,750.0,0.0,0.0
Costalito XL,Feri,Feri,,35.0,14.0,26.0,0.0
Costalito CH,Feri,Feri,,20.0,9.0,13.0,0.0
DINO X 500ml,Fauna Marin,Fauna Marin,4260119451100,1050.0,745.0,2.0,0.0
Porta esferas de acrilico GD,El Taller,El Taller,,850.0,630.0,1.0,0.0
"Boquilla Pico de ornitorrinco 3/4""",El Taller,El Taller,,250.0,150.0,-1.0,0.0
"Boquilla Pico de ornitorrinco 1/2""",El Taller,El Taller,,150.0,90.0,0.0,0.0
"Boquilla Pato 3/4""",El Taller,El Taller,,280.0,168.0,10.0,0.0
"Boquilla Pato 1/2""",El Taller,El Taller,,180.0,108.0,5.0,0.0
"Boquilla Corrientes aleatorias 3/4""",El Taller,El Taller,,380.0,228.0,7.0,0.0
"Boquilla Corrientes aleatorias 1/2""",El Taller,El Taller,,280.0,168.0,0.0,0.0
"Boquilla Corriente fuerte 3/4""",El Taller,El Taller,,350.0,210.0,6.0,0.0
"Boquilla  Corriente fuerte 1/2""",El Taller,El Taller,,250.0,150.0,2.0,0.0
"Boquilla Corrientes tranquilas 3/4""",El Taller,El Taller,,350.0,210.0,10.0,0.0
"Boquilla Corrientes tranquilas 1/2""",El Taller,El Taller,,240.0,144.0,1.0,0.0
Artemiero kit,El Taller,El Taller,,700.0,420.0,1.0,0.0
Artemiero,El Taller,El Taller,,600.0,360.0,3.0,0.0
Alga scrubber 700l M,El Taller,El Taller,,1200.0,960.0,1.0,0.0
Alga scrubber 300l Ch,El Taller,El Taller,,800.0,640.0,2.0,0.0
Alga scrubber 1000l G,El Taller,El Taller,,1600.0,1280.0,0.0,0.0
Eheim Termostato 300w,Eheim,Eheim,720686361591,1150.0,750.0,4.0,0.0
Eheim Termostato 200w,Eheim,Eheim,720686361393,1050.0,720.0,7.0,2.0
Eheim Termostato 100w,Eheim,Eheim,720686361362,950.0,615.0,5.0,0.0
Radion XR15 blue,Ecotech,Ecotech,653341194725,9200.0,7840.0,-7.0,0.0
RMS XR15,Ecotech,Ecotech,653341193322,2500.0,1762.11,-4.0,0.0
Radion XR15 pro,Ecotech,Ecotech,653341194626,9200.0,7840.0,0.0,0.0
Vortech MP40,Ecotech,Ecotech,653341197023,8900.0,7989.0,-6.0,0.0
Masstick 80g,Easy Reefs,Easy Reefs,8437007983760,750.0,435.0,-1.0,0.0
Masstick 42g,Easy Reefs,Easy Reefs,8437007983036,550.0,300.0,1.0,0.0
Masstick 40g,Easy Reefs,Easy Reefs,8437007983753,450.0,258.0,14.0,0.0
Masstick 14,Easy Reefs,Easy Reefs,8437007983098,230.0,100.0,-7.0,0.0
Easy sps Evo 25,Easy Reefs,Easy Reefs,8437007983739,800.0,472.0,0.0,0.0
Easy SPS 20g,Easy Reefs,Easy Reefs,8437007983593,450.0,318.0,0.0,0.0
Easy Roti 250,Easy Reefs,Easy Reefs,8437007983074,750.0,502.0,0.0,0.0
Easy LPS 800 30gr,Easy Reefs,Easy Reefs,8437007983630,580.0,370.0,0.0,0.0
Easy booster nano 250ml,Easy Reefs,Easy Reefs,8437007983616,500.0,310.0,-2.0,0.0
Easy Booster 25ml,Easy Reefs,Easy Reefs,,1000.0,541.0,-1.0,0.0
DK1 Marine 70g,Easy Reefs,Easy Reefs,8437007983395,340.0,235.0,-4.0,0.0
DK1 Marine 50g,Easy Reefs,Easy Reefs,8437007983401,290.0,199.0,0.0,0.0
DK1 Marine 150g,Easy Reefs,Easy Reefs,8437007983418,650.0,465.0,-4.0,0.0
Tijera curva,Dymax,Dymax,8885009366034,570.0,375.0,1.0,0.0
Prolite 4.8l,Dymax,Dymax,8885009364443,400.0,260.0,0.0,0.0
Pinza recta,Dymax,Dymax,8885009366003,200.0,135.0,0.0,0.0
Lily pipe Skimmer  1216,Dymax,Dymax,8885009365914,2000.0,1350.0,1.0,0.0
Lily pipe Dymax 1216,Dymax,Dymax,8885009365877,1150.0,775.0,1.0,0.0
dymax gs45,Dymax,Dymax,,3750.0,2500.0,1.0,0.0
Cepillo de mangueras hose pipe brushs,Dymax,Dymax,8885009365952,190.0,125.0,-1.0,0.0
Biomax 1l,Dymax,Dymax,8885009363606,600.0,400.0,1.0,0.0
Tijera recta,Dymax,Dymax,8885009366027,500.0,340.0,1.0,0.0
Tijera doble curva,Dymax,Dymax,8885009366041,700.0,475.0,0.0,0.0
Antiamonnia rock,Dymax,Dymax,8885009362357,180.0,115.0,1.0,0.0
Waste away 946ml,Dr. Tims,Dr. Tims,,1100.0,465.0,0.0,0.0
Waste away 475ml,Dr. Tims,Dr. Tims,,600.0,375.0,0.0,0.0
Waste away 240ml,Dr. Tims,Dr. Tims,,450.0,255.0,1.0,0.0
Waste away 120ml,Dr. Tims,Dr. Tims,,250.0,160.0,1.0,0.0
One and only 60ml,Dr. Tims,Dr. Tims,,450.0,280.0,0.0,0.0
One and only 240ml,Dr. Tims,Dr. Tims,,1100.0,655.0,0.0,0.0
One and only 120ml,Dr. Tims,Dr. Tims,,850.0,495.0,0.0,0.0
Cloruro de amonio 60ml,Dr. Tims,Dr. Tims,,100.0,50.0,0.0,0.0
Cloruro de amonio 120ml,Dr. Tims,Dr. Tims,,150.0,77.0,1.0,0.0
Shrimp tank dennerle,Dennerle,Dennerle,4001615030846,5500.0,4500.0,1.0,0.0
Shrimp king color 35g,Dennerle,Dennerle,4001615060751,550.0,450.0,-1.0,0.0
DeponitMix professional 9 en 1 2.4kg,Dennerle,Dennerle,4001615045956,600.0,450.0,2.0,0.0
Rowa phos 500g,DD Aquarium solution,DD Aquarium solution,4032974404054,850.0,530.0,5.0,0.0
Rowa phos 250g,DD Aquarium solution,DD Aquarium solution,4032974404023,520.0,369.0,-1.0,0.0
Rowa phos 1kg,DD Aquarium solution,DD Aquarium solution,4032974404108,1200.0,922.0,-1.0,0.0
Rowa Phos 100g,DD Aquarium solution,DD Aquarium solution,4032974404016,350.0,220.0,0.0,0.0
Aragonita Granel kg,CoraPet,CoraPet,,70.0,35.0,0.0,0.0
Coral box Reactor PR80,Coral Box,Coral Box,,1600.0,850.0,4.0,0.0
Porta Calcetín Coralbox D105-K,Coral Box,Coral Box,,500.0,280.0,3.0,0.0
Skimmer D150 plus,Coral Box,Coral Box,,1800.0,990.0,6.0,0.0
Skimmer D700 plus,Coral Box,Coral Box,,6500.0,4400.0,0.0,0.0
Skimmer D500 plus,Coral Box,Coral Box,,5500.0,3450.0,1.0,0.0
Skimmer D300 plus,Coral Box,Coral Box,,4500.0,2750.0,0.0,0.0
Skimmer Cloud 9,Coral Box,Coral Box,,8000.0,5700.0,0.0,0.0
Porta mangueras,Coral Box,Coral Box,,350.0,100.0,6.0,0.0
Moon LED,Coral Box,Coral Box,,4100.0,2590.0,-2.0,0.0
Magnet scraper,Coral Box,Coral Box,,750.0,294.0,3.0,0.0
Lupa Portal,Coral Box,Coral Box,,1600.0,830.0,6.0,0.0
Lámpara AS80,Coral Box,Coral Box,,1950.0,1180.0,1.0,0.0
Holder - Porta mangueras y probetas,Coral Box,Coral Box,,500.0,270.0,-2.0,0.0
Generador de olas RN1 Reverse nano,Coral Box,Coral Box,,2200.0,1520.0,0.0,0.0
Generador de olas QPS9,Coral Box,Coral Box,,2200.0,1290.0,-1.0,0.0
Generador de olas QPS5,Coral Box,Coral Box,,1800.0,1050.0,5.0,0.0
Generador de olas QPS16,Coral Box,Coral Box,,2700.0,1550.0,2.0,0.0
Dosificadora WF04,Coral Box,Coral Box,,3600.0,2150.0,2.0,0.0
Dosificadora WF01,Coral Box,Coral Box,,1600.0,1125.0,0.0,0.0
Coral Box Base para dosificadora,Coral Box,Coral Box,,700.0,412.0,2.0,0.0
Autorrellenador Coral Box ATO N50,Coral Box,Coral Box,,1050.0,650.0,3.0,0.0
Coral Box ATO A100 parts,Coral Box,Coral Box,,130.0,130.0,4.0,0.0
Autorrellenador Coral Box ATO A100,Coral Box,Coral Box,,1450.0,950.0,5.0,0.0
Bateria de Respaldo Coral Box V2,Coral Box,Coral Box,,2900.0,1700.0,0.0,0.0
Pipeta Coral Box Blister,Coral Box,Coral Box,,300.0,190.0,9.0,0.0
Contenedor para dosificadora triple 4.5l DT 45,Coral Box,Coral Box,,1250.0,462.0,1.0,0.0
Contenedor para dosificadora 1.5l,Coral Box,Coral Box,,500.0,250.0,0.0,0.0
Calcetin nylon 7in,Coral Box,Coral Box,,200.0,100.0,-5.0,0.0
Calcetin nylon 4in,Coral Box,Coral Box,,150.0,60.0,-19.0,0.0
Bomba de skimmer DCA 3000,Coral Box,Coral Box,,2350.0,1375.0,0.0,0.0
Bomba de skimmer DCA 2000,Coral Box,Coral Box,,2150.0,1265.0,0.0,0.0
Bomba de skimmer DCA 1200,Coral Box,Coral Box,,2000.0,1255.0,0.0,0.0
Bomba de retorno DCA12000,Coral Box,Coral Box,,3850.0,2260.0,1.0,0.0
Bomba de retorno DCA 1200,Coral Box,Coral Box,,1500.0,950.0,8.0,0.0
Bomba de retorno DCA 9000,Coral Box,Coral Box,,3350.0,1950.0,0.0,0.0
Bomba de retorno DCA 6000,Coral Box,Coral Box,,2950.0,1650.0,0.0,0.0
Bomba de retorno DCA 3000,Coral Box,Coral Box,,1900.0,1678.0,0.0,0.0
Bomba de retorno DCA 2000,Coral Box,Coral Box,,1650.0,980.0,0.0,0.0
WRGB hanging rope kits,Chihiros,Chihiros,,250.0,160.0,1.0,0.0
Tijeras S,Chihiros,Chihiros,,480.0,320.0,1.0,0.0
Tijeras rectas,Chihiros,Chihiros,,310.0,220.0,2.0,0.0
Tijeras curvas,Chihiros,Chihiros,,310.0,220.0,1.0,0.0
Shade vivid mini pendant,Chihiros,Chihiros,,800.0,560.0,1.0,0.0
Shade vivid mini brazo,Chihiros,Chihiros,,750.0,500.0,0.0,0.0
Shade Vivid 2,Chihiros,Chihiros,,820.0,382.0,0.0,0.0
Shade 60cm,Chihiros,Chihiros,,910.0,650.0,0.0,0.0
Shade 45cm,Chihiros,Chihiros,,750.0,536.0,1.0,1.0
Shade 30cm,Chihiros,Chihiros,,645.0,460.0,1.0,0.0
Reactor para Doctor mate,Chihiros,Chihiros,33010015,460.0,300.0,0.0,0.0
Rasqueta Chihiros De Acero,Chihiros,Chihiros,,500.0,256.0,7.0,0.0
Poppy Type M,Chihiros,Chihiros,33121216,500.0,364.0,2.0,0.0
Plant glass pot,Chihiros,Chihiros,,220.0,154.0,-7.0,0.0
Pipes brush,Chihiros,Chihiros,,220.0,118.0,8.0,0.0
Micro Fiber Towel 70x140cm,Chihiros,Chihiros,34070140,250.0,160.0,0.0,0.0
Micro Fiber Towel 35x70cm,Chihiros,Chihiros,,150.0,80.0,0.0,0.0
Clear hose 16-22mm - Manguera,Chihiros,Chihiros,6974333540608,350.0,244.0,0.0,0.0
Clear hose 12-16mm - Manguera,Chihiros,Chihiros,6974333540592,390.0,244.0,1.0,1.0
Magnetic light + base + glass air,Chihiros,Chihiros,6974333541414,3000.0,2010.0,5.0,0.0
Magnetic light + base,Chihiros,Chihiros,6974333541247,1800.0,1218.0,1.0,0.0
Magnetic light,Chihiros,Chihiros,6974333541322,1200.0,710.0,3.0,0.0
Lily Pipe M,Chihiros,Chihiros,33131216,680.0,422.0,2.0,0.0
Lily Pipe L,Chihiros,Chihiros,33131622,720.0,450.0,1.0,0.0
WRGBII Slim 90cm,Chihiros,Chihiros,,6750.0,4500.0,4.0,0.0
WRGBII slim 60 cm,Chihiros,Chihiros,,4000.0,2500.0,1.0,0.0
WRGBII slim 45 cm,Chihiros,Chihiros,,3500.0,2192.0,1.0,0.0
WRGBII slim 30 cm,Chihiros,Chihiros,,2600.0,2000.0,2.0,0.0
WRGBII Slim 120cm,Chihiros,Chihiros,33291201,9200.0,6500.0,3.0,0.0
WRGB pro 90cm,Chihiros,Chihiros,,9400.0,5472.0,0.0,0.0
WRGB pro 60 cm,Chihiros,Chihiros,,6800.0,4746.0,1.0,0.0
WRGB pro 45 cm,Chihiros,Chihiros,,5480.0,3834.0,-1.0,0.0
WRGB pro 30 cm,Chihiros,Chihiros,,4500.0,3168.0,1.0,0.0
WRGB pro 120cm,Chihiros,Chihiros,33191201,12000.0,8396.0,0.0,0.0
RGB Vivid mini pendant,Chihiros,Chihiros,,6250.0,4421.0,3.0,0.0
RGB Vivid mini,Chihiros,Chihiros,,6550.0,4650.0,3.0,0.0
RGB Vivid 2,Chihiros,Chihiros,,8250.0,6440.0,0.0,0.0
Lámpara Chihiros RGB CII,Chihiros,Chihiros,,2800.0,1972.0,0.0,0.0
Lampara Chihiros A 60CM,Chihiros,Chihiros,,2500.0,1580.0,1.0,0.0
Lampara Chihiros A 45CM,Chihiros,Chihiros,,2200.0,1388.0,0.0,0.0
Lampara Chihiros A 30CM,Chihiros,Chihiros,,1800.0,1158.0,0.0,0.0
Inflow M,Chihiros,Chihiros,33111216,590.0,370.0,2.0,0.0
Inflow L,Chihiros,Chihiros,33111622,640.0,396.0,0.0,0.0
Magnet cleaner R - Imán de acrílico,Chihiros,Chihiros,,380.0,188.0,21.0,0.0
Garden mat 60x45cm,Chihiros,Chihiros,,320.0,203.0,1.0,0.0
Garden mat 45x30cm,Chihiros,Chihiros,,200.0,110.0,1.0,0.0
Garden mat 30cm,Chihiros,Chihiros,,150.0,80.0,1.0,0.0
Doctor mate,Chihiros,Chihiros,,1700.0,1168.0,1.0,0.0
Bubble counter - Contador de burbujas,Chihiros,Chihiros,,180.0,112.0,3.0,0.0
CO2 Regulator,Chihiros,Chihiros,,2620.0,1860.0,2.0,0.0
CO2 indicator,Chihiros,Chihiros,,350.0,176.0,2.0,0.0
Straight Tweezers 25 cm,Chihiros,Chihiros,,250.0,150.0,3.0,0.0
Curved Tweezers 25 cm,Chihiros,Chihiros,,250.0,150.0,-1.0,0.0
Nova Brazo,Chihiros,Chihiros,,1500.0,845.0,-1.0,0.0
Chihiros NOVA 1,Chihiros,Chihiros,,8000.0,5850.0,-3.0,0.0
Air Hose - Manguera p/ CO2,Chihiros,Chihiros,,160.0,104.0,3.0,0.0
Brazo para WRGB y vivid,Chihiros,Chihiros,6974333540615,1800.0,1274.0,0.0,0.0
Base Stand for CII,Chihiros,Chihiros,,560.0,452.0,1.0,0.0
Alluminium hanging stand for chihiros LED light,Chihiros,Chihiros,,490.0,340.0,2.0,0.0
Acrylic stand for WRGBII,Chihiros,Chihiros,,665.0,462.0,6.0,0.0
Caribsea South Seas Shelf Rock,CaribSea,CaribSea,008479003713,175.0,100.0,0.0,0.0
Caribsea South Seas Base Rock,CaribSea,CaribSea,008479003706,185.0,100.0,53999.0,0.0
Caribsea Rubble zone,CaribSea,CaribSea,008479005328,500.0,300.0,0.0,0.0
Caribsea Moani Dry Life Rock,CaribSea,CaribSea,008479003935,200.0,130.0,24.0,0.0
Caribsea Mineral Mud refugium media,CaribSea,CaribSea,008479005267,1000.0,699.0,2.0,0.0
Caribsea Life Rock Shelf Purple,CaribSea,CaribSea,,350.0,250.0,0.0,0.0
Caribsea Life Rock Purple,CaribSea,CaribSea,,350.0,220.0,35.0,0.0
Caribsea Belize Life Rock Branch Purple,CaribSea,CaribSea,,450.0,300.0,-1.0,0.0
Caribsea Fragzone 2.25 lb,CaribSea,CaribSea,008479003799,540.0,269.0,0.0,0.0
Caribsea Florida Crushed coral 18.1kg,CaribSea,CaribSea,0008479001504,999.0,599.0,-4.0,0.0
ARM Extra Coarse Reactor media 1Gal,CaribSea,CaribSea,008479005311,760.0,479.0,0.0,0.0
Caribsea Special grade reef sand 9kg,CaribSea,CaribSea,0008479017901,760.0,480.0,-7.0,0.0
Caribsea Special grade reef sand 4.5kg,CaribSea,CaribSea,008479017901,500.0,300.0,-2.0,0.0
Caribsea Hawaiian Black 9kg,CaribSea,CaribSea,0008479007971,760.0,480.0,-6.0,0.0
Caribsea Fiji pink 9kg,CaribSea,CaribSea,008479007926,760.0,480.0,-18.0,0.0
Caribsea Fiji pink 4.5kg,CaribSea,CaribSea,0008479017925,500.0,300.0,6.0,0.0
Caribsea Bahamas Oolite 9kg,CaribSea,CaribSea,0008479007933,760.0,480.0,1.0,0.0
BRS Super Glue 1oz - Gel Extra Thick,Bulk Reef Suply,Bulk Reef Suply,0850000695023,250.0,149.0,-3.0,0.0
Skimmer Z5,Bubble magus,Bubble magus,,3100.0,2411.0,0.0,0.0
Skimmer BMQQ,Bubble magus,Bubble magus,,1700.0,1228.0,2.0,0.0
Reactor de medios WP80,Bubble magus,Bubble magus,,2000.0,1432.0,1.0,0.0
Skimmer QQ3,Bubble magus,Bubble magus,,3100.0,2250.0,1.0,0.0
Skimmer QQ2,Bubble magus,Bubble magus,,1650.0,1178.0,0.0,0.0
Skimmer QQ1,Bubble magus,Bubble magus,,1900.0,1312.0,-1.0,0.0
Magnet scraper mini,Bubble magus,Bubble magus,,750.0,500.0,1.0,0.0
Skimmer Curve A9,Bubble magus,Bubble magus,,9500.0,6539.0,0.0,0.0
Skimmer Curve A8,Bubble magus,Bubble magus,,6500.0,4808.0,-1.0,0.0
Skimmer Curve A5,Bubble magus,Bubble magus,,4400.0,3173.0,1.0,0.0
Skimmer Curve 9,Bubble magus,Bubble magus,,9550.0,6251.0,0.0,0.0
Skimmer Curve 7,Bubble magus,Bubble magus,,6450.0,4221.0,1.0,0.0
Bomba Para Skimmer Bubble Magus A5,Bubble magus,Bubble magus,,1100.0,758.0,-1.0,0.0
BM Calcetín 100 - 200 micras de 7in,Bubble magus,Bubble magus,,250.0,113.0,10.0,0.0
BM Calcetin 100 - 150 - 200 micras de  4in,Bubble magus,Bubble magus,,150.0,90.0,136.0,0.0
Reef blizzard 50gr,Brightwell aquatics,Brightwell aquatics,810086019694,500.0,450.0,0.0,0.0
MicroBacter 7 500ml,Brightwell aquatics,Brightwell aquatics,0810086012206,580.0,321.0,-1.0,0.0
MicroBacter 7 250ml,Brightwell aquatics,Brightwell aquatics,0810086012190,320.0,176.0,0.0,0.0
MicroBacter 7 125ml,Brightwell aquatics,Brightwell aquatics,0810086014996,250.0,175.0,-1.0,0.0
Microbacter 7 2000ml,Brightwell aquatics,Brightwell aquatics,0810086012213,1600.0,1181.0,-1.0,0.0
Microbacter 7 1000ml,Brightwell aquatics,Brightwell aquatics,0810086017775,999.0,809.0,1.0,0.0
AngeLixir 125ml,Brightwell aquatics,Brightwell aquatics,0810086013999,700.0,600.0,1.0,0.0
Termometro digital BT 06,Boyu,Boyu,6924781210653,150.0,100.0,3.0,0.0
Termometro BT01,Boyu,Boyu,6924781200791,20.0,12.0,17.0,0.0
Maternidad FH102,Boyu,Boyu,,100.0,65.0,-1.0,0.0
Maternidad FH101,Boyu,Boyu,,130.0,85.0,1.0,0.0
Manguera de silicon 6m,Boyu,Boyu,6924781206335,70.0,45.0,0.0,0.0
Filtro de esponja 104,Boyu,Boyu,6924781208421,150.0,100.0,0.0,0.0
Filtro de esponja 102,Boyu,Boyu,6924781208407,110.0,70.0,-3.0,0.0
Esponja TL550,Boyu,Boyu,6924781245839,180.0,115.0,-7.0,0.0
Esponja MT50,Boyu,Boyu,6924781245815,210.0,140.0,-6.0,0.0
Cascada WF2055,Boyu,Boyu,6941855202642,600.0,400.0,-1.0,0.0
Cascada WF2045,Boyu,Boyu,6941855202635,500.0,340.0,0.0,0.0
Cascada WF2035,Boyu,Boyu,6941855202628,375.0,250.0,1.0,0.0
Cascada WF2025,Boyu,Boyu,6924781209961,280.0,185.0,1.0,0.0
Cascada WF2015,Boyu,Boyu,6924781210080,200.0,130.0,0.0,0.0
Boyu UV 55W plástico,Boyu,Boyu,,5250.0,3500.0,0.0,0.0
Boyu UV 55W inoxidable,Boyu,Boyu,,5625.0,3750.0,0.0,0.0
Boyu UV 36W plástico,Boyu,Boyu,6941855203182,4800.0,3200.0,0.0,0.0
Boyu UV 36W inoxidable,Boyu,Boyu,6941855203182,5050.0,3350.0,1.0,0.0
Boyu Termostato 50w - HT250,Boyu,Boyu,,320.0,213.0,0.0,0.0
Boyu Termostato 300w - HT2300,Boyu,Boyu,6924781208629,380.0,250.0,-1.0,0.0
Boyu Termostato 25w - HT225,Boyu,Boyu,,300.0,200.0,-1.0,0.0
Boyu Termostato 200w - HT2200,Boyu,Boyu,6924781208612,360.0,235.0,0.0,0.0
Boyu Termostato 150w - HT2150,Boyu,Boyu,6924781208605,350.0,230.0,0.0,0.0
Boyu Termostato 100w - HT2100,Boyu,Boyu,6924781208599,340.0,225.0,-1.0,0.0
Boyu Foco UV,Boyu,Boyu,,950.0,625.0,0.0,0.0
Filtro canister EFU25,Boyu,Boyu,6924781212541,4200.0,2800.0,1.0,0.0
Aquarium scraper AS 103,Boyu,Boyu,6924781202597,80.0,40.0,0.0,0.0
Aquarium tong 70cm - AT 007,Boyu,Boyu,6924781206977,80.0,40.0,0.0,0.0
Aquarium tong 50cm - AT 006,Boyu,Boyu,6924781202221,80.0,40.0,4.0,0.0
Chemipure Elite mini 3.1oz,Boyd Enterprises,Boyd Enterprises,0719958167467,280.0,124.0,8.0,0.0
Chemipure Elite 6.5oz,Boyd Enterprises,Boyd Enterprises,0719958167429,350.0,199.0,2.0,0.0
Chemipure Elite 11.74oz,Boyd Enterprises,Boyd Enterprises,0719958167436,550.0,329.0,-3.0,0.0
Chemipure Blue 11oz,Boyd Enterprises,Boyd Enterprises,0719958167528,650.0,419.0,2.0,0.0
Chemipure 5oz,Boyd Enterprises,Boyd Enterprises,71995816706,330.0,220.0,3.0,0.0
Chemipure 40oz,Boyd Enterprises,Boyd Enterprises,719958167443,1900.0,1299.0,2.0,0.0
Chemiclean 6g,Boyd Enterprises,Boyd Enterprises,719958767148,850.0,549.0,-1.0,0.0
Chemiclean 2g,Boyd Enterprises,Boyd Enterprises,719958167146,500.0,299.0,1.0,0.0
Regen FX 250ml,Blue Life,Blue Life,0858542003573,310.0,199.0,3.0,0.0
Phos Fx 500ml,Blue Life,Blue Life,0858542003566,1500.0,1200.0,1.0,0.0
Phos Fx 250ml,Blue Life,Blue Life,858542003559,1200.0,900.0,1.0,0.0
Nitrate FX 500ml,Blue Life,Blue Life,,1100.0,789.0,1.0,0.0
Nitrate FX 250ml,Blue Life,Blue Life,858542003580,640.0,459.0,1.0,0.0
Clear FX reef 225ml,Blue Life,Blue Life,0858542003672,450.0,390.0,1.0,0.0
Clear FX pro 450ml,Blue Life,Blue Life,858542003634,550.0,399.0,0.0,0.0
Clear FX pro 225ml,Blue Life,Blue Life,858542003627,350.0,250.0,0.0,0.0
Eductor rotative 1'',Blau,Blau,8436036499020,465.0,310.0,-1.0,0.0
Insect Killer 10ml,BioAdvanced,BioAdvanced,,150.0,50.0,-1.0,0.0
Complete Insect Killer 1183ml,BioAdvanced,BioAdvanced,687073002706,1250.0,950.0,-2.0,0.0
Benepets 80g,Benereefs,Benereefs,0867456000110,750.0,443.0,-5.0,0.0
Benepets 40g,Benereefs,Benereefs,867456000103,430.0,261.0,-16.0,0.0
Benepets 160g,Benereefs,Benereefs,0867456000127,1480.0,801.0,4.0,0.0
"Válvulas Check 3/4""",General,,,430.0,285.0,-24.0,0.0
Válvulas Check 1'',General,,,430.0,285.0,-12.0,0.0
Ultra Bioguard 250 ml,AZOO,AZOO,4714954480134,250.0,165.0,2.0,0.0
Ultra Bioguard 120 ml,AZOO,AZOO,4714954480127,160.0,105.0,-1.0,0.0
Triple black water 120ml,AZOO,AZOO,4714954480011,110.0,70.0,6.0,0.0
Shrimp meal 10g,AZOO,AZOO,4714954802226,165.0,110.0,0.0,0.0
Shrimp breed 10g,AZOO,AZOO,4714954802264,220.0,135.0,1.0,0.0
Rocaa Seiryu,AZOO,AZOO,,120.0,80.0,0.0,0.0
Roca zebra,AZOO,AZOO,,120.0,80.0,0.0,0.0
Roca Seiryunegra 80L,AZOO,AZOO,,680.0,450.0,0.0,0.0
Roca Seiryu negra 60L,AZOO,AZOO,,560.0,373.0,0.0,0.0
Roca Seiryu negra 120l,AZOO,AZOO,,1800.0,1200.0,0.0,0.0
Roca Seiryu negra 100L,AZOO,AZOO,,1100.0,725.0,0.0,0.0
Roca Seiryu 120l,AZOO,AZOO,,1650.0,1100.0,0.0,0.0
Roca Seiryu 100l,AZOO,AZOO,,1000.0,650.0,0.0,0.0
Roca Seiryu  80L,AZOO,AZOO,,600.0,400.0,-3.0,0.0
Roca Seiryu  60L,AZOO,AZOO,,500.0,325.0,-1.0,0.0
Roca Rhino skin,AZOO,AZOO,,120.0,80.0,0.0,0.0
Roca Pagoda,AZOO,AZOO,,120.0,80.0,0.0,0.0
Roca Elephant,AZOO,AZOO,,120.0,80.0,0.0,0.0
Roca Dragon 80L,AZOO,AZOO,,820.0,550.0,0.0,0.0
Roca Dragon 60L,AZOO,AZOO,,650.0,430.0,-2.0,0.0
Roca Dragon 120L,AZOO,AZOO,,2250.0,1500.0,0.0,0.0
Roca Dragon 100L,AZOO,AZOO,,1350.0,925.0,0.0,0.0
Roca Dragon,AZOO,AZOO,,120.0,80.0,0.0,0.0
Red Advand 500ml,AZOO,AZOO,4714954118068,330.0,220.0,0.0,0.0
Red Advand 250ml,AZOO,AZOO,4714954118051,200.0,130.0,2.0,0.0
Plant premium 500ml,AZOO,AZOO,4714954118037,330.0,220.0,-10.0,0.0
Plant Premium 250ml,AZOO,AZOO,4714954118020,195.0,135.0,-12.0,0.0
Plant premium 125ml,AZOO,AZOO,4714954118013,120.0,75.0,-16.0,0.0
Micropellet perfume,AZOO,AZOO,4714954801182,55.0,35.0,0.0,0.0
Micropellet labial,AZOO,AZOO,4714954800833,35.0,23.0,4.0,0.0
IM Roca branch granel,AZOO,AZOO,,300.0,200.0,0.0,0.0
Green water remover 250ml,AZOO,AZOO,4714954170516,190.0,125.0,0.0,0.0
Filter wool,AZOO,AZOO,4714954160876,350.0,235.0,0.0,0.0
Esponja negra - Bio-Garden Sponge,AZOO,AZOO,4714954160326,130.0,85.0,-1.0,0.0
Esponja blanca,AZOO,AZOO,4714954160340,110.0,75.0,-10.0,0.0
Costalito G,Azul,Azul,7505500764832,25.0,20.0,-11.0,0.0
Cloudy Treatment 250ml,AZOO,AZOO,4714954178086,190.0,125.0,3.0,0.0
Cloudy Treatment 120ml,AZOO,AZOO,,110.0,73.0,0.0,0.0
Carbon plus 250ml,AZOO,AZOO,4714954178352,220.0,145.0,4.0,0.0
Carbon plus 120ml,AZOO,AZOO,4714954178390,120.0,80.0,-1.0,0.0
Carbon mineral 1kg,AZOO,AZOO,7505500761114,50.0,30.0,0.0,0.0
Biosponge 3 en 1,AZOO,AZOO,4714954160227,135.0,90.0,2.0,0.0
Azoo Tests GH,AZOO,AZOO,4714954240035,200.0,135.0,2.0,0.0
Azoo Test PO4,AZOO,AZOO,4714954240097,280.0,185.0,0.0,0.0
Azoo Test pH1,AZOO,AZOO,4714954240011,210.0,140.0,3.0,0.0
Azoo Test pH 2,AZOO,AZOO,4714954240141,180.0,123.0,0.0,0.0
Azoo Test NO3,AZOO,AZOO,4714954240110,300.0,200.0,0.0,0.0
Azoo Test NO2,AZOO,AZOO,4714954240103,240.0,160.0,3.0,0.0
Azoo Test NH4 - NH3,AZOO,AZOO,4714954240127,360.0,240.0,0.0,0.0
Azoo Test KH,AZOO,AZOO,4714954240028,165.0,110.0,0.0,0.0
Azoo Blood worm 220ml,AZOO,AZOO,4714954800420,200.0,110.0,0.0,0.0
Azoo Blood worm 130ml,AZOO,AZOO,4714954800413,110.0,73.0,2.0,0.0
Azoo Antiendoparasites 120 ml,AZOO,AZOO,4714954170103,135.0,85.0,-1.0,0.0
Algae treatment 250ml,AZOO,AZOO,4714954170059,190.0,125.0,1.0,0.0
Algae treatment 120ml,AZOO,AZOO,4714954170301,90.0,75.0,0.0,0.0
ATI Purple plus 80W,ATI,ATI,,785.0,510.0,4.0,0.0
ATI purple plus 54W,ATI,ATI,4260216210150,700.0,477.0,7.0,0.0
ATI Purple plus 39W,ATI,ATI,4260216210143,630.0,443.0,3.0,0.0
ATI Purple plus 24W,ATI,ATI,4260216210136,590.0,413.0,1.0,0.0
ATI Essentials Pro 500ml,ATI,ATI,0638346587444,690.0,456.0,-1.0,0.0
ATI Essentials Pro 2x2l,ATI,ATI,,1350.0,892.0,0.0,0.0
ATI Coral plus 80W,ATI,ATI,,785.0,510.0,4.0,0.0
ATI Coral plus 54W,ATI,ATI,4260216210198,700.0,477.0,1.0,0.0
ATI Coral plus 39W,ATI,ATI,,630.0,443.0,0.0,0.0
ATI Coral plus 24W,ATI,ATI,4260216210174,590.0,413.0,4.0,0.0
ATI Blue plus 80W,ATI,ATI,,785.0,510.0,0.0,0.0
ATI Blue Plus 54W,ATI,ATI,4260216210075,700.0,477.0,-3.0,0.0
ATI Blue plus 39W,ATI,ATI,4260216210068,630.0,443.0,2.0,0.0
ATI Blue plus 24W,ATI,ATI,4260216210051,590.0,413.0,3.0,0.0
ATI Aqua blue special 80W,ATI,ATI,4260216210044,785.0,510.0,1.0,0.0
ATI Aqua blue special 54W,ATI,ATI,,700.0,477.0,3.0,0.0
ATI Aqua blue special 39w,ATI,ATI,4260216210020,630.0,443.0,1.0,0.0
ATI Aqua blue special 24w,ATI,ATI,4260216210013,590.0,413.0,2.0,0.0
ATI Actinic 80W,ATI,ATI,,785.0,510.0,0.0,0.0
ATI Actinic 54W,ATI,ATI,,700.0,477.0,8.0,0.0
ATI Actinic 39W,ATI,ATI,4260216210105,630.0,443.0,0.0,0.0
ATI Actinic 24W,ATI,ATI,4260216210099,590.0,413.0,0.0,0.0
Shadow wave 1'',Aquatic gadget,Aquatic gadget,,300.0,185.0,0.0,0.0
Eductor con adaptador,Aquatic gadget,Aquatic gadget,638346945916,450.0,285.0,-62.0,0.0
Rama manzanita mini,Aquascape,Aquascape,,80.0,40.0,0.0,0.0
Rama manzanita mediana,Aquascape,Aquascape,,160.0,80.0,0.0,0.0
Rama manzanita grande,Aquascape,Aquascape,,300.0,200.0,0.0,0.0
Rama manzanita extra grande,Aquascape,Aquascape,,350.0,250.0,0.0,0.0
Rama manzanita chica,Aquascape,Aquascape,,120.0,60.0,0.0,0.0
Neo solution K 300ml,Aquario,Aquario,8809702870193,300.0,134.0,1.0,0.0
Neo Solution Fe 300ml,Aquario,Aquario,8809702870186,300.0,128.0,3.0,0.0
Neo Skimmer M,Aquario,Aquario,8809702870995,325.0,189.0,1.0,0.0
Neo Skimmer L,Aquario,Aquario,8809702871008,325.0,189.0,2.0,0.0
Neo plants TAB,Aquario,Aquario,8809702870209,280.0,134.0,0.0,0.0
Neo plants ST.LONG 70g,Aquario,Aquario,8809702870230,280.0,134.0,2.0,0.0
Neo media soft 5l,Aquario,Aquario,8809702870360,1200.0,580.0,-6.0,0.0
Neo media soft 1l,Aquario,Aquario,8809702870353,300.0,171.0,-13.0,0.0
Neo media pure 5l,Aquario,Aquario,8809702870469,960.0,586.0,48.0,0.0
Neo media pure 1l,Aquario,Aquario,8809702870292,220.0,148.0,0.0,0.0
Inlet M 12mm,Aquapro,Aquapro,,150.0,80.0,10.0,0.0
Neo Inlet L,Aquario,Aquario,8809702871053,170.0,95.0,3.0,0.0
Neo Holder,Aquario,Aquario,8809702870933,200.0,118.0,4.0,0.0
Neo flow premium M,Aquario,Aquario,8809702870971,1260.0,732.0,2.0,0.0
Neo flow premium L,Aquario,Aquario,8809702870988,1260.0,732.0,2.0,0.0
Neo flow M,Aquario,Aquario,8809702870957,1000.0,566.0,1.0,0.0
Neo flow L,Aquario,Aquario,8809702870964,1000.0,566.0,-1.0,0.0
MF Neo media pure 250ml,Aquario,Aquario,,100.0,50.0,0.0,0.0
Medium CO2 diffuser,Aquapro,Aquapro,6975017510122,280.0,120.0,-1.0,0.0
Large CO2 diffuser,Aquapro,Aquapro,6975017510139,320.0,150.0,0.0,0.0
AM Reactor de calcio Nano,Aquamax,Aquamax,,4500.0,4000.0,2.0,0.0
AM Reactor de calcio T2,Aquamax,Aquamax,,7850.0,7000.0,0.0,0.0
Vibrance 350ml,Aqua Vitro,Aqua Vitro,000116753104,260.0,175.0,0.0,0.0
Straight shears,Aqua Vitro,Aqua Vitro,000116768009,500.0,325.0,1.0,0.0
Straight Forceps,Aqua Vitro,Aqua Vitro,000116768900,350.0,225.0,0.0,0.0
Straight fine tips forceps,Aqua Vitro,Aqua Vitro,000116768603,380.0,250.0,1.0,0.0
Remedetion 350ml,Aqua Vitro,Aqua Vitro,000116771108,450.0,300.0,0.0,0.0
Mineralize 350ml,Aqua Vitro,Aqua Vitro,0000116756105,280.0,185.0,1.0,0.0
Fuel 350ml,Aqua Vitro,Aqua Vitro,0000116754101,325.0,217.0,-12.0,0.0
Eight four 350ml,Aqua Vitro,Aqua Vitro,0000116750103,260.0,175.0,1.0,0.0
Double curved shears,Aqua Vitro,Aqua Vitro,000116768207,500.0,340.0,1.0,0.0
Curved shears,Aqua Vitro,Aqua Vitro,000116768108,490.0,325.0,1.0,0.0
Curved forceps,Aqua Vitro,Aqua Vitro,000116769006,380.0,250.0,1.0,0.0
Curved fine tip forceps,Aqua Vitro,Aqua Vitro,000116768702,380.0,250.0,1.0,0.0
Calcification 350ml,Aqua Vitro,Aqua Vitro,0000116755108,260.0,175.0,1.0,0.0
Bond 100ml,Aqua Vitro,Aqua Vitro,000116077415,200.0,135.0,0.0,0.0
Biogen 750ml,Aqua Vitro,Aqua Vitro,0000116075947,1500.0,1000.0,0.0,0.0
Biogen 450ml,Aqua Vitro,Aqua Vitro,0000116075930,975.0,650.0,-1.0,0.0
Biogen 225ml,Aqua Vitro,Aqua Vitro,0000116075916,600.0,400.0,1.0,0.0
Balance 350ml,Aqua Vitro,Aqua Vitro,0000116751100,265.0,175.0,2.0,0.0
Alpha 350ml,Aqua Vitro,Aqua Vitro,0000116752107,300.0,200.0,-1.0,0.0
45° forceps,Aqua Vitro,Aqua Vitro,000116076944,380.0,250.0,0.0,0.0
Prime hanging kit,Aqua Illumination,Aqua Illumination,019962011344,700.0,500.0,0.0,0.0
Prime 16 HD,Aqua Illumination,Aqua Illumination,653341190925,4950.0,4400.0,-4.0,0.0
Nero 5,Aqua Illumination,Aqua Illumination,653341188229,4800.0,3970.0,1.0,0.0
Hydra 64 HD,Aqua Illumination,Aqua Illumination,653341191724,13500.0,12500.0,0.0,0.0
Brazo prime 45.7cm,Aqua Illumination,Aqua Illumination,019962474538,1050.0,750.0,2.0,0.0
Brazo prime 30.5cm,Aqua Illumination,Aqua Illumination,019962474736,950.0,650.0,-1.0,0.0
Phosphate Minus 1000ml,Aqua Forest,Aqua Forest,5902026735001,920.0,554.0,-4.0,0.0
NP pro 50 ml,Aqua Forest,Aqua Forest,5902026731331,700.0,426.0,5.0,0.0
NP pro 10 ml,Aqua Forest,Aqua Forest,5902026731317,290.0,174.0,-1.0,0.0
Nitraphos minus 2l,Aqua Forest,Aqua Forest,5902026738668,1300.0,775.0,0.0,0.0
Nitraphos minus 250ml,Aqua Forest,Aqua Forest,5902026738651,340.0,202.0,5.0,0.0
Micro E 50ml,Aqua Forest,Aqua Forest,5902026732031,630.0,376.0,14.0,0.0
Micro E 10ml,Aqua Forest,Aqua Forest,5902026732017,270.0,166.0,-5.0,0.0
Mg plus 200ml,Aqua Forest,Aqua Forest,5902026730945,245.0,147.0,-1.0,0.0
Magnesium 750g,Aqua Forest,Aqua Forest,5902026730334,300.0,165.0,-15.0,0.0
Magnesium 4kg,Aqua Forest,Aqua Forest,5902026730341,1050.0,631.0,1.0,0.0
AF Life Source 250ml,Aqua Forest,Aqua Forest,5902026733328,680.0,411.0,1.0,0.0
AF Life source 1000g,Aqua Forest,Aqua Forest,5902026735223,1375.0,830.0,6.0,0.0
Life Bio Fil 1200ml,Aqua Forest,Aqua Forest,5902026735155,525.0,324.0,-4.0,0.0
KH plus 250ml,Aqua Forest,Aqua Forest,5902026730921,245.0,148.0,3.0,0.0
KH buffer 5kg,Aqua Forest,Aqua Forest,5902026730402,1090.0,660.0,0.0,0.0
Zeo mix 5000ml,Aqua Forest,Aqua Forest,5902026735100,1510.0,906.0,0.0,0.0
Zeo mix 1000ml,Aqua Forest,Aqua Forest,5902026735087,390.0,236.0,-1.0,0.0
Test kit Phosphate,Aqua Forest,Aqua Forest,5902026738828,580.0,346.0,3.0,0.0
Test kit Magnesium,Aqua Forest,Aqua Forest,5902026738071,480.0,286.0,3.0,0.0
Test kit Alkalinity,Aqua Forest,Aqua Forest,5902026738095,360.0,214.0,-1.0,0.0
Test kit Calcium,Aqua Forest,Aqua Forest,5902026738057,480.0,286.0,9.0,0.0
Strontium ST Lab 1l,Aqua Forest,Aqua Forest,5902026739108,660.0,396.0,9.0,0.0
Strontium 50ml,Aqua Forest,Aqua Forest,5902026732192,625.0,367.0,-4.0,0.0
Stone fix 6 kg,Aqua Forest,Aqua Forest,5902026734042,1320.0,790.0,-3.0,0.0
Stone fix 1.5 kg,Aqua Forest,Aqua Forest,5902026734028,450.0,271.0,7.0,0.0
Sea salt 7.5kg,Aqua Forest,Aqua Forest,5902026730211,625.0,411.0,8.0,0.0
Sea salt 22kg,Aqua Forest,Aqua Forest,,1730.0,1126.0,1.0,0.0
DI Resin 1000ml,Aqua Forest,Aqua Forest,5902026735117,670.0,400.0,5.0,0.0
Pro Bio S 50ml,Aqua Forest,Aqua Forest,5902026731195,700.0,425.0,-2.0,0.0
Pro Bio S 10ml,Aqua Forest,Aqua Forest,5902026731171,290.0,174.0,-6.0,0.0
Pro Bio F 25g,Aqua Forest,Aqua Forest,5902026731294,325.0,195.0,5.0,0.0
Phosphate Minus 5l,Aqua Forest,Aqua Forest,5902026735049,4100.0,2456.0,1.0,0.0
Phosphate Minus 250 ml,Aqua Forest,Aqua Forest,5902026732062,480.0,289.0,-9.0,0.0
KH buffer 1200g,Aqua Forest,Aqua Forest,5902026730396,350.0,208.0,-9.0,0.0
Kalium Lab 1000l,Aqua Forest,Aqua Forest,5902026739085,550.0,331.0,2.0,0.0
Kalium 50ml,Aqua Forest,Aqua Forest,5902026732116,625.0,376.0,-1.0,0.0
Iron 50ml,Aqua Forest,Aqua Forest,5902026732239,625.0,367.0,8.0,0.0
Iodum 50ml,Aqua Forest,Aqua Forest,5902026732154,630.0,376.0,-2.0,0.0
Iodum 10ml,Aqua Forest,Aqua Forest,5902026732130,270.0,166.0,0.0,0.0
Hybrid pro salt 22kg,Aqua Forest,Aqua Forest,5902026733502,2400.0,1560.0,3.0,0.0
Garlic Essence 50ml,Aqua Forest,Aqua Forest,5902026731577,700.0,425.0,11.0,0.0
Fluorum Lab 1l,Aqua Forest,Aqua Forest,5902026739115,550.0,330.0,1.0,0.0
Fluorine 50ml,Aqua Forest,Aqua Forest,5902026732079,630.0,367.0,15.0,0.0
Easy Gloss 200ml,Aqua Forest,Aqua Forest,5902026733816,290.0,176.0,4.0,0.0
Components strong 4x75ml,Aqua Forest,Aqua Forest,5902026732420,790.0,474.0,11.0,0.0
Components Strong 4x250ml,Aqua Forest,Aqua Forest,5902026733298,1870.0,1123.0,-1.0,0.0
Components Pro 1500ml,Aqua Forest,Aqua Forest,5902026739566,2940.0,1770.0,-7.0,0.0
"Components 1,2,3 1500ml",Aqua Forest,Aqua Forest,5902026732475,1840.0,1111.0,2.0,2.0
Component C 200ml,Aqua Forest,Aqua Forest,5902026730914,270.0,170.0,2.0,0.0
Carbon 5l,Aqua Forest,Aqua Forest,5902026735070,1950.0,1080.0,1.0,0.0
Carbon 1000ml,Aqua Forest,Aqua Forest,5902026735056,485.0,291.0,-1.0,0.0
Calcium 850g,Aqua Forest,Aqua Forest,5902026730365,350.0,208.0,22.0,0.0
Calcium 3.5kg,Aqua Forest,Aqua Forest,5902026730372,1090.0,660.0,-3.0,0.0
Ca plus 200ml,Aqua Forest,Aqua Forest,5902026730938,245.0,146.0,1.0,0.0
Bio S 50ml,Aqua Forest,Aqua Forest,5902026731270,700.0,426.0,-3.0,0.0
Bio S 10ml,Aqua Forest,Aqua Forest,5902026731256,290.0,174.0,-4.0,0.0
AFIX glue 113g,Aqua Forest,Aqua Forest,5902026734004,460.0,276.0,-1.0,0.0
AF Zoa food 30g,Aqua Forest,Aqua Forest,5902026732499,460.0,276.0,4.0,0.0
AF Vitality 50 ml,Aqua Forest,Aqua Forest,5902026731157,700.0,426.0,14.0,0.0
AF Vitality 10 ml,Aqua Forest,Aqua Forest,5902026731133,290.0,174.0,3.0,0.0
AF Silicone lubricant 10ml,Aqua Forest,Aqua Forest,5902026733410,86.0,51.0,0.0,0.0
AF Rock mix 1kg,Aqua Forest,Aqua Forest,,250.0,2610.0,0.0,0.0
AF Rock Mix 18k,Aqua Forest,Aqua Forest,5902026730778,4500.0,2710.0,3.0,0.0
Reef salt 2Kg,Aqua Forest,Aqua Forest,5902026739269,295.0,191.0,0.0,0.0
Reef salt 25kg,Aqua Forest,Aqua Forest,,2000.0,1300.0,-10.0,0.0
Reef salt 7.5kg,Aqua Forest,Aqua Forest,5902026739238,765.0,506.0,-1.0,0.0
Reef salt 22kg,Aqua Forest,Aqua Forest,5902026730150,2045.0,1351.0,12.0,0.0
AF Reef Salt + 22kg,Aqua Forest,Aqua Forest,5902026733458,2160.0,1406.0,-17.0,0.0
AF Reef mineral salt 800g,Aqua Forest,Aqua Forest,5902026730303,350.0,280.0,-3.0,0.0
AF Reef mineral salt 5kg,Aqua Forest,Aqua Forest,5002026730310,1090.0,660.0,2.0,0.0
AF Pure Food 30g,Aqua Forest,Aqua Forest,5902026731805,370.0,221.0,7.0,0.0
AF Protect dip 50ml,Aqua Forest,Aqua Forest,5902026735322,500.0,304.0,6.0,0.0
AF Power Food 20g,Aqua Forest,Aqua Forest,5902026731638,368.0,221.0,3.0,0.0
AF Power elixir 200ml,Aqua Forest,Aqua Forest,5902026732796,450.0,268.0,4.0,0.0
AF Power elixir 1000ml,Aqua Forest,Aqua Forest,5902026732819,1135.0,681.0,-1.0,0.0
AF Poly Glue 250ml,Aqua Forest,Aqua Forest,5902026739450,435.0,261.0,7.0,0.0
AF Plantkton Elixir 300 ml,Aqua Forest,Aqua Forest,5902026739634,560.0,336.0,-3.0,0.0
AF Phyto Mix 250ml,Aqua Forest,Aqua Forest,5902026731416,400.0,243.0,2.0,0.0
AF Marine Mix S,Aqua Forest,Aqua Forest,5902026733465,435.0,260.0,-2.0,0.0
AF Marine Mix M,Aqua Forest,Aqua Forest,5902026733472,435.0,260.0,-6.0,0.0
AF LPS food 30g,Aqua Forest,Aqua Forest,5902026731676,460.0,276.0,9.0,0.0
AF Liquid Rotifers 250ml,Aqua Forest,Aqua Forest,5902026731454,560.0,336.0,-8.0,0.0
AF Liquid Mysis 300 ml,Aqua Forest,Aqua Forest,5902026731478,560.0,336.0,-4.0,0.0
AF Liquid Artemia 250 ml,Aqua Forest,Aqua Forest,5902026731461,560.0,336.0,-8.0,0.0
AF AminoMix 50ml,Aqua Forest,Aqua Forest,5902026731034,700.0,426.0,10.0,0.0
AF AminoMix 10ml,Aqua Forest,Aqua Forest,5902026731010,290.0,174.0,-22.0,0.0
AF Growth Boost 35g,Aqua Forest,Aqua Forest,5902026731690,370.0,226.0,0.0,0.0
AF Gel fix 2x20g,Aqua Forest,Aqua Forest,5902026739733,600.0,361.0,6.0,0.0
AF Filter Floss,Aqua Forest,Aqua Forest,5902026733427,150.0,90.0,3.0,0.0
AF Energy 50ml,Aqua Forest,Aqua Forest,5902026731119,700.0,399.0,9.0,0.0
AF Energy 10ml,Aqua Forest,Aqua Forest,5902026731096,290.0,174.0,-2.0,0.0
AF Build 50ml,Aqua Forest,Aqua Forest,5902026731072,700.0,426.0,2.0,0.0
AF Build 10ml,Aqua Forest,Aqua Forest,5902026731058,290.0,174.0,1.0,0.0
AF Bio Sand 10kg,Aqua Forest,Aqua Forest,5902026738859,900.0,541.0,1.0,0.0
Rasqueta negra,AQ Link,AQ Link,710185472225,500.0,180.0,12.0,0.0
Selcon 60ml,"American Marine Inc,","American Marine Inc,",0687951601007,550.0,420.0,-1.0,0.0
Amazonia Soil 9l,ADA,ADA,4537934040605,1400.0,925.0,3.0,0.0
Amazonia Soil 3l,ADA,ADA,4537934040612,650.0,472.0,1.0,0.0
